,PC2,PC3,PC4,PC5,PC6,PC7,PC8,PC9,PC10,PC11,PC12,PC13
1.0,-0.09507188821967537,1.4217110094677696,0.35622368110707275,-0.5228395423083237,-0.9807785996116407,0.4825601688386233,0.5880248013401516,-0.17655683370063663,0.2651358763015243,-0.3040385172073733,-0.04116011618045668,-0.0008748372039862825
1.0,-0.24210543045644145,0.8700940921355151,0.5256506704829086,-0.4291974744618877,-0.7243341339361419,0.5829699244697718,0.26637517425442364,0.18638693399631284,0.03455692903920452,0.01149395217714052,0.021326199658670986,-0.11455070318508663
1.0,0.16974710025213244,0.09206934959815691,1.0318191333701678,-0.3015285186840572,-0.4190342470023674,0.4994740648132354,-0.09132483985561246,0.1560739451115875,0.18509732174258514,-0.22108328039162872,-0.36156454737234206,-0.23020590584241166
1.0,1.2250185675834584,-0.2739660438128549,2.176873119548236,-0.0952783262521673,-0.10073040779170184,-0.31846374814333095,-0.28687489463150395,0.10440734750812561,1.1470723855688527,0.02315179544044435,-0.2875593118019241,-0.03226981528457901
1.0,1.4717582714470931,1.25120936511827,4.1107913560049125,0.28507502362677045,0.03959647989949854,-2.200761729374366,-0.5697024069816328,-0.26514692049404587,2.84010010816054,2.2234311335005503,0.22332442766719865,0.29467661404105505
1.0,1.0362413604777343,2.1241552348491295,4.901557371454842,0.23011089801951548,0.09676398609620385,-3.2626574812340343,-0.1279047224705454,0.3403389585420645,3.332691321879084,3.032262145878329,0.7314424143141556,1.1716195137344558
1.0,-0.34889492784174914,1.236396938122891,4.053065175149795,0.323863918239412,0.010800050909764651,-1.9773402564134563,-0.5153806126619966,0.45545747309266554,1.7928415007343954,1.8116105276430896,0.28606981906615375,0.17073870839846803
1.0,-2.4491803622449644,0.3441629821516606,4.034646166830287,0.8284370659083468,-0.13789919943853163,-0.8218835676718355,-1.0095939019127818,0.07758747796522555,1.206541109662509,2.0672128726216803,0.42687514005199956,0.39220217282378966
1.0,-0.678402372542776,0.3251299019235646,-2.5589585974742293,2.2912451822372293,0.5244302932819349,-2.988538085910071,0.3824406042994762,-0.7173219258659536,0.24453314828673034,-0.331064338433004,-0.15219943151736523,0.2617131218653718
1.0,-0.8631086870521237,-0.13435355102672347,-2.404053563964463,2.395245993027216,0.7616925529466643,-2.9273741943521503,0.11072992301999844,-0.32856644158422893,-0.07281681978617201,0.02040989413433466,-0.012003348095508324,0.0813656824254217
1.0,-0.9607990362837352,-0.3749743204643347,-2.322467202569495,2.450009339497915,0.8855524259819789,-2.894994561924591,-0.03157043622878758,-0.12546547578909023,-0.23941944480908514,0.2043792399547027,0.061823253931424016,-0.013109342077095649
1.0,-1.0868117937829758,-0.6503232880567937,-2.2222225244787888,2.517012990542723,1.0217974958181695,-2.8528687391100434,-0.19501265750653324,0.09994458444593386,-0.4362441187504778,0.4135887409198688,0.15231612769840117,-0.1218178311927025
1.0,-1.1887813616083278,-1.019855839992143,-2.100916210973419,2.5785795259793822,1.1754697291426028,-2.76710267055489,-0.40816623512071903,0.3062268079848775,-0.5623045968486465,0.5985915151411109,0.1730864032241675,-0.17141493973606953
1.0,-0.9823870417488495,-2.0150445217184596,-1.89316547396696,2.642632552188802,1.4321053728017943,-2.4998362960677665,-0.7174702906396229,0.4161267859622219,-0.4063371105866929,0.40526627097299794,-0.13846525017315447,0.09713781095404404
1.0,-1.2028764409821737,-2.66798014490117,-1.4948137614243207,2.8793351815281887,1.5354040801791409,-2.2618379902644894,-0.9490255841699308,0.5088863943699079,-0.8185814877127446,0.6150034870649171,-0.1627100759733959,0.0294901636689827
1.0,-1.7635392652343842,-3.064167702050809,-1.271911451876399,3.0108565697088014,1.6469308114885544,-2.086995768629249,-1.264262264670149,0.738295902139121,-1.1010067539428268,0.873296653874601,0.154681555913288,-0.10894651609130927
1.0,-0.07004229155018,1.2539976668832904,-0.02000403055576289,0.5267901478938646,-1.442422110573335,0.1074512900507478,0.6404731769792608,0.17689301760203544,0.3770803397151853,-0.3351858646447538,-0.08538468163553985,-0.036187356076293406
1.0,0.29385322897967553,-0.005381120385586175,0.277918031232531,0.5863577006656996,-1.0474657141174482,0.3257688480608941,0.22272098622346556,0.4773256622199993,0.609756204402235,-0.5934999837515823,-0.5183695103291609,0.20385183848136404
1.0,2.4415331826744278,-0.4570611616653992,-0.4969953493539634,0.8282182041487918,-1.0924499221355783,1.0398182252158337,-1.2300796934554683,0.025127987023529336,0.4142379571125614,-0.10989394563644227,0.3364403364813099,1.952085805447408
1.0,5.251832044070357,-1.1793311916164801,-0.365101911476408,1.1285810984397986,-1.1266599706157807,0.8583377942710103,-1.3420723697130095,-1.2406260143080259,0.06594376296512006,-0.41133055812756836,1.352018068233454,1.184144166102961
1.0,4.792647672174095,0.158689992079589,-0.805220472288449,0.8413076542485163,-1.0358944824288647,0.17951224503238497,-0.2764237201124053,-0.37020562171349203,-1.127735678296601,-0.37299064798442244,-0.09677219670704794,1.3462503294781603
1.0,3.601160100607987,-0.11140269906169734,0.277196274221841,0.7976657876546625,-0.8062999108049589,-0.5452747643734557,0.6200384855679245,0.17467567737992765,-0.4969035877455658,-0.2495207825957548,-0.39493499969588314,1.1681269872700648
1.0,1.1522003803636476,0.2015899854731979,0.9902287374741016,1.114792092809104,-0.8562528224483138,-0.6297167601136899,0.5007137786853647,0.20154730585498995,-0.4121691349326994,0.007317800113618944,-1.12473714719807,0.8933215310117164
1.0,-1.9542327501310348,-0.41879113796225403,1.2961843944161078,1.5243238595334487,-1.0555976251322567,0.2330740356157678,-0.004466200605393265,-0.014055166907251617,-0.33940821078521355,0.09603850900717101,-0.36573975511753437,0.5297912445633403
1.0,-0.1320476543262826,1.3452702199115338,0.11542491773355106,-0.26307917109081647,-0.8991442520074795,0.20315913619244347,0.5835133303865145,-0.21081255058305942,0.2786423733974044,-0.3181865193778681,-0.05574551139265568,0.022316971971936793
1.0,-0.31427486409733374,0.889722018115792,0.2685694174227176,-0.16025026631536904,-0.6635484549674101,0.2634726154994449,0.3141343049367855,0.17506274986897352,-0.03560551850935337,0.030360956361747904,0.08286863044909877,-0.1564588075226094
1.0,-0.2753494680725084,0.24999549989799272,0.4303133609545931,-0.11528434218786382,-0.446700884473836,0.44213947269293447,0.007734498186697087,0.35886670615795485,0.00442018003795396,0.13625419956235063,-0.09648285298930004,-0.06139556078035587
1.0,0.6307921525046054,-1.0629295873080713,0.6491214583638583,-0.19362484533826915,-0.12281098485470764,0.5848527066312987,-0.35694871578293746,0.5106596126959615,0.6890047971945129,-0.6810299009725029,-0.712295357596831,0.1116489293262823
1.0,1.6930103769572282,-1.7157783593230738,1.0486582409904388,0.06850772920794375,-0.10303739709026496,0.3672210289006817,0.3786769791741919,-0.13017827602050197,0.05518231354533028,-0.27812848455613004,-0.7400683282849636,-0.353583761601452
1.0,1.4972462239189674,-1.3114889907191192,0.14073231799599495,-0.7274387687827827,-0.22551655695451703,0.0006317039700085637,1.3680636287675851,0.48131518852003286,0.40193164434859063,-0.23684238517556022,-0.4618052484449267,-1.4181341567698933
1.0,-1.0591287493714903,-1.0551265467602646,1.0518947570480826,-0.08386241438921857,-0.5841277797420676,-0.0991957586029204,1.0315188527091206,-0.40122531240718395,1.1581533625895601,0.01681064957534873,0.33411174854955206,-1.0723259437718076
1.0,-3.104991879323194,-1.400714614508073,2.098160302788199,0.8634975356008525,-0.9262002279602483,0.5273638826283451,0.33174203686406245,-1.5607147037843219,1.032653919618939,0.40748831673337993,0.9454406333864548,0.2916721088251463
1.0,0.19508129005409106,1.0203601806953988,-0.3855514948109245,0.8768254070453605,-1.3854658003793323,-0.045920386433572095,0.3019872970247212,0.03651787420297831,0.5791170328742743,-0.4235010580165748,-0.06566863039219739,0.0874109038454543
1.0,2.565954215607997,1.2716546466087635,-0.5935183284721948,1.5318415067198825,-1.2060386491045894,0.1765372972045306,-1.9425686454347755,-0.7833028442732657,-0.2790847306482945,-0.5745901763171019,0.03211369137818287,-0.16272446541631683
1.0,4.828442447090158,2.2582108203343094,-0.747867806080655,2.154335053324532,-1.141866955704311,-0.028038338404589514,-3.3095461737063085,-1.7911948155480337,-1.5434648191912457,-0.9330881104972377,-1.3099497789358094,-0.5814254302518541
1.0,7.006768126119892,3.0808701002893484,0.4422664392385173,2.2559426650198295,-1.1646409776783726,-1.6596952871213733,-2.9379834814687307,-2.325609641494139,-1.1344968040492125,-0.29485466937399757,-0.6391712005418363,-0.8249100598135786
1.0,6.102542816887384,3.0650692289407577,0.8715003304818503,1.8210822327038039,-1.0474908139708594,-2.381937877117512,-1.453784236172689,-1.446853000092396,-0.8483181674831884,0.15033371995701314,-1.412023144945384,-0.782952739510391
1.0,4.439407696076757,2.57487794291196,1.042068464153672,1.4856831649306603,-1.0150671804846105,-2.547307338977532,-0.33184693585849734,-0.8386139405828192,-0.46399775426658796,0.4578670350486914,-1.5690271906050621,-1.2512499618833366
1.0,1.2225642771967948,2.213970200242446,1.7760723460974959,1.810761866081774,-1.0856469049029844,-2.3317370348958875,-0.15849109825293958,-0.8542608414165818,0.06351582723047654,0.5662971239759327,-1.6043832361154549,-1.0686235676802482
1.0,-2.116325121594999,0.8699032754359991,2.3221060696296973,2.2341290167074557,-1.2494889056469192,-1.3532521584081987,-0.3125080944114087,-1.0687835899529845,0.42989151298889194,0.5756678852899073,-0.320236747094895,-0.7616242506139991
1.0,-0.22283202430752744,1.1399665810011657,-0.37015777851751075,0.2981335134431787,-0.7166188782775597,-0.3703280339640053,0.5482889939590985,-0.2338488193278637,0.2780298013419809,-0.31249416364677457,-0.07362904851657916,0.051166973190766164
1.0,-0.3785501941925296,0.6382727317176115,-0.21213030463145943,0.3926582603881537,-0.4729689008628326,-0.2897951853227048,0.2531899410850588,0.12832740352257174,0.022510929265818935,0.005711400999975345,0.01751797405088255,-0.08461587936449959
1.0,-0.3260428761444935,0.04466425188737304,-0.059671588734287205,0.4423520503543599,-0.27491063882865513,-0.1277651402307876,0.003566350114826058,0.32290678811449447,0.013150141864742233,0.11772446215976877,-0.1418961911417817,-0.018888842472573455
1.0,1.8363921232707672,-1.252458830389149,-0.6078580490341616,0.6796812229244017,-0.19220201459939104,0.5411785225616069,-0.9362480328342367,-0.5047278987767394,0.3819979940649948,-0.048597380527134075,0.3909912594494303,0.5187975790288418
1.0,2.1565495921702778,-1.259544585523495,-0.7670053934432816,0.5817773324045417,-0.2252157104799035,0.26013064541961956,-0.37035691316687047,-0.47772620013616834,0.079905120369323,0.012536161521369297,1.1257742740972352,-0.05093440908575461
1.0,1.4962028698736307,0.3597468870892846,-1.6348932082922498,0.21683014006452364,-0.4296952891895184,-0.0730561329511662,0.351318680891071,0.28833203650614453,-1.0748550189252868,-0.32287671057898215,0.5473780746773759,0.8955439035451211
1.0,-1.3447437468058583,0.2910912890564946,-1.8207405709455309,-0.13850655235355117,-0.5827773052024278,-0.12631704074825023,0.9477487701425998,0.9827105470083596,-0.5177140877086377,-0.4475829124364731,0.8855385371934169,1.1101511093904386
1.0,-4.6711123303974595,0.7681323674506175,-0.9792490807028168,1.2823901627431036,-0.950458775349168,0.8775165213954198,-0.4229591699418257,-0.9938354980290324,-1.765550874257827,-1.6495383827802836,-0.13750202111306364,0.2681307756925756
1.0,-0.31893962495289113,1.2708808553158428,-0.05558720033157503,-1.0299310836131552,0.12750445380009248,-0.11148012930796668,0.4365591920187254,-0.7926917512295705,0.09195443927972849,-0.24892420141317328,-0.010788125237143342,0.11833639909857567
1.0,-0.49054498659952,0.8440882747450198,0.0883162536568951,-0.9333156007808772,0.34786632885056085,-0.054651998723719876,0.184185721766092,-0.43161661048304584,-0.20283331691973838,0.07753981170076377,0.11945093992953967,-0.04917916445234617
1.0,-0.5705095570961306,0.516484333344695,0.1875485973391465,-0.8805930205648813,0.49748243475620174,0.00865223748656404,-0.004952927715566648,-0.22171108589989064,-0.32849964537701976,0.25976857457548225,0.14568578685426092,-0.10854257040121901
1.0,-0.08095160279099295,-0.8284815314835458,0.41769769208680896,-0.8817034795945207,0.869481170720625,0.29995046328394603,-0.4386434692522807,-0.11696959480853593,0.19897526301448373,-0.24738523222050396,-0.4370387287492239,0.36559399617504185
1.0,1.3129977236739898,-0.6094553563189574,1.2416872630522569,-0.8454784727090983,1.181678419823321,-0.48399519441282607,-0.7966094685982971,0.6297979506351561,-0.7390326206015617,-0.753389786559253,-0.21813894255633812,1.5176366435904804
1.0,1.7352409795177024,0.024600038184543774,1.456119553890635,-1.1998003754269186,1.3453059693984977,-1.480662840022215,-0.4401159939152531,1.2008198463442739,-0.05337450836215534,0.09243388232043531,-0.0531314879694973,1.2696952571717097
1.0,-0.031886197839397654,1.2488607112328374,1.3719933002946156,-1.0313423962677517,1.1858602561046516,-1.5720952644647663,-0.6984112824471034,1.5771741071245202,-0.8861758562759889,0.3860409149245939,-0.23269721813231728,1.8452525791308487
1.0,-2.5965715341284303,0.8237360699741112,1.6467277474189153,-0.45677860426449046,0.7247216285757059,-0.7584735113841765,-1.0232250084871994,0.49840942117347004,-1.0362312282940642,0.5223000195439149,0.5886659474373883,1.831960999897115
1.0,-0.25897842483722233,1.3292037268843593,0.055024261655975466,-0.9390211099936927,-0.14402116375844276,0.04767570340700798,0.4818147388236403,-0.663108377557223,0.14170316359384533,-0.2735434211603665,-0.02103392887587216,0.09551103178877998
1.0,-0.4407083359227676,0.8833232762834226,0.20654915783910702,-0.8373376421502957,0.08525022253400331,0.10791920388488009,0.21805041657423524,-0.28709090113145175,-0.16733245865750807,0.06729544518334857,0.11606527166428011,-0.07959940891630705
1.0,-0.5429148736315754,0.6361263947709296,0.2912588131433065,-0.7805154169269146,0.21178413405675628,0.14184167777418732,0.0717794606441584,-0.07934773176864927,-0.33929063102457346,0.25612242498470644,0.1926896600866382,-0.1767350607518747
1.0,-0.6647456316507135,0.36061029712522247,0.38950362103105446,-0.7147730394884051,0.34976497965312,0.18247112255296244,-0.09159678790038937,0.14829970157407177,-0.5343879848636606,0.4658519706800404,0.28143673870157787,-0.2853354329823964
1.0,-0.1549419935974996,-1.0181133820453006,0.722243132721773,-0.6297415788835912,0.6557226781026199,0.5930409698837059,-0.4663805397772205,0.15078262604114237,-0.22750601419859948,0.18426414541703864,-0.4342820052858037,0.18678532027382996
1.0,0.029952246132776618,-1.7356037190510007,0.9361875696052799,-0.5706338409351706,0.8665065713771399,0.6691613136658815,-0.6518526382177761,0.3619205706520689,-0.15414736889525033,-0.06997334045951774,-0.607726026190208,0.26014589374185804
1.0,-0.15575435108257263,-2.610682131647975,1.2680124423807435,-0.39897898128918863,1.0602418755552656,0.9657377594601249,-1.0046314584327767,0.4983088594849007,-0.3288323184325936,-0.005231266390800896,-0.6620791580181887,0.33729866280857457
1.0,-1.0403172435106285,-2.4660714153176095,1.5255815695357042,-0.256533185562795,1.0603111579015667,0.9667457831409049,-1.3486531422591317,0.7133563822628837,-0.9336507201101055,0.34179562841941,0.05402781465590507,-0.1510722368682724
1.0,-0.24291285197873158,1.3410681975639687,0.06390579828623015,-0.8839150983550143,-0.22134984026150617,0.068149687211892,0.49649591313328756,-0.6270616511513544,0.15999132629183066,-0.2838647102716844,-0.026437614846235292,0.09138977984642806
1.0,-0.4171267911160408,0.8953143930994742,0.2117757056697815,-0.7845450879230796,0.010760257703232795,0.12570622478458274,0.23308505750656305,-0.2474666261084436,-0.14572123531208364,0.057566539650239584,0.1074656324542145,-0.08336924825356203
1.0,-0.5222730572844084,0.6453016038894027,0.29830982763108227,-0.7265406303605181,0.13806607673442503,0.16064289915306415,0.08504456965027747,-0.038225032958638216,-0.3204138604518897,0.24838136635386346,0.18571152722194695,-0.1816949449377925
1.0,-0.12359091489897243,-0.6279100354753175,0.6059748018487511,-0.6491368779600912,0.45059854578035485,0.5317652974327953,-0.33200000039552163,0.005152320551437442,-0.041714595262208755,0.0515411086741799,-0.42856149553186357,0.22856621931054466
1.0,1.8601086673901972,-2.39624086524823,-0.6359673393232117,-0.4281607079555835,-0.18926723860398698,1.739897592997557,1.843676564871106,-2.0445483884220845,-0.7761071162357379,2.4006040386497465,-0.9128396172463228,0.774247385789617
1.0,2.2904026510938436,-2.8116961934457,-1.8026195433134808,-0.8148819879529273,-0.5347344462960176,2.2509754939918207,3.603624753521995,-2.619375561374095,-1.1668243250977683,4.53174245214728,-1.506602262324022,0.30643002135223185
1.0,1.1988849414443172,-3.1603450679026386,-0.36193002772810245,-0.21198683529115345,-0.10405073318230879,2.2030882771159424,1.7932616333339042,-1.9477195214917404,-1.5411435616373244,3.4127942374791838,-0.7341276815288332,0.5522297752296527
1.0,0.06526326333470171,-3.3180878279529846,0.13674117221415955,-0.04836980559966761,-0.011838652061344606,2.2414868845658016,1.6426252049279968,-1.7105244042723176,-2.0751914072482363,3.131544723738494,-0.04225548318592345,0.314742594679881
1.0,0.026441853691363305,1.5964366561538252,0.7966375512515033,-0.7808210740303666,-1.3853955782282008,1.0295595082757478,0.6478910681676641,0.0032722262988208652,0.3076368914534112,-0.3174399258056012,-0.03652362372325948,-0.053248549817818104
1.0,0.09637309519713806,0.6967723909543474,1.0161659882984475,-0.6849028135730187,-1.0706979906719123,1.230586579441192,0.29908850433704376,0.3341206299119363,0.2093588716543686,-0.17938457007406702,-0.19234526250442469,-0.0014102917616137336
1.0,0.7480117848644421,0.08799266712187367,1.1261508704819267,-0.6489513211752024,-0.8786043210820533,1.3086694664762362,-0.11449426442743815,0.4304440768535483,0.2951348305084185,-0.47240005466346213,-0.08823800062585879,-0.0228396720343995
1.0,2.0147836361706455,-0.3774146650949006,1.1684876117939849,-0.5000954360223785,-0.8299047726767652,1.2464040256380904,-0.2864224678432009,-0.011790505196186499,0.10383079531669796,-0.3821410557352719,0.3130169995472765,-0.4799976001444176
1.0,1.9835848555431699,0.7351224162345328,1.034631235035565,-0.64991541889977,-0.7249609224446196,0.7018440509757188,-0.23901360813749795,0.8051532822741903,-0.5014328713877527,-0.08168238395789701,-0.005077672878239022,0.17290948343645576
1.0,1.6293371934759275,0.7191011473862732,0.9279144347423832,-0.8072585742095408,-0.6635130188327801,0.6102985314406753,-0.06485884344669679,1.1693156062551142,-0.5317588143489875,0.01774988776232778,-0.3514874999914272,-0.07733469518235471
1.0,0.25484218599784353,0.6377767998057292,1.4420936509100046,-0.5620107263780716,-0.6476559008985553,0.6126391325222107,-0.11082960962382668,1.2609638113181116,-0.6014313125729157,0.22190850275366908,-0.6459919084134964,-0.04511175706772893
1.0,-1.6114189423637761,0.20977111740607832,1.7699020308798865,-0.1394574749222099,-0.717867326874534,1.2583772932183186,-0.5665046059486342,1.1100282424731602,-1.2620476873414102,0.30996983748803153,-0.36257066888679057,-0.23987976042224954
1.0,-0.10052498240015632,1.4458203733676749,0.3641578370150859,-0.6434546615765286,-0.8958960724835349,0.48524364594770414,0.5860103911410184,-0.2503951429649343,0.25872331917157304,-0.3111674975572931,-0.04112941848943077,0.014351967968043876
1.0,-0.07203986053593736,0.6275326649162939,0.5783439914202653,-0.5638381937003064,-0.5766740002217219,0.6218598037293342,0.21921077318208376,0.11689300249900622,0.1918282795415856,-0.19843266853356717,-0.14027037667896572,0.01686272415037683
1.0,0.9324033912916088,-0.22589178901535273,0.38573484456960105,-0.5303568259336041,-0.4026005410813193,0.9968959196384076,-0.7132752030781728,0.011666941354742943,0.6747768421749849,-0.30112626712542484,-0.24072034262361008,0.1356522619744285
1.0,2.613881937122906,-0.0019065336680810347,0.8559908835277604,-0.384191182649814,-0.3340235145087072,0.24374023601301076,-0.7898684823495639,-0.22896223174144806,-0.02132467472513922,-0.5432826290379897,0.595514691854292,-0.39040700591291544
1.0,2.8926668821670454,0.4173893135610052,0.9490733562708668,-0.5400360306843617,-0.2150609923402621,-0.2522992915694642,-0.3646323134748848,0.10604538472748826,-0.23786413689803562,-0.34282914806466086,0.2755090174542369,-0.5531543498791514
1.0,2.1770402411578256,0.6111197538653179,1.1460839189319032,-0.6533121828271106,-0.1737444039982216,-0.5981363483203607,0.019801764249930194,0.701480799604057,-0.215713252082786,-0.22328846769587546,0.1935686629842615,-0.14592732789305946
1.0,0.2633473701176823,-0.048513913878868144,1.5583627446417234,-0.5915199091449299,-0.29402935454347356,-0.39033231509489863,0.02918546575215169,0.7416505240410494,0.3116180930576728,-0.26425148109332314,0.7731605338900676,0.014651305260179869
1.0,-2.107092520094717,-0.014226512115313316,2.2876666093313496,0.2729466245796763,-0.30420933704439285,0.266201883258579,-0.8468202629972728,0.222809740319622,-0.24490695755471484,0.5503501942289137,0.10903026128832839,0.26432594078293464
1.0,0.3130624759271577,1.3663093323736222,0.19707682420350817,2.311351515244675,-3.575639806487157,0.6080888758039549,0.9505870492146671,1.399034237878852,0.7853929812971239,-0.4899465774898331,-0.19279676683665123,-0.22660538875476155
1.0,0.1201120299161077,0.8733650623698952,0.3607437534886262,2.421315055990942,-3.319030507814832,0.6718296815566231,0.6592081168113568,1.8186869085037547,0.4471770326827536,-0.1123947084301204,-0.04459801519818911,-0.41989990127977406
1.0,0.0188711981967643,0.6239679865829655,0.44529994924042526,2.4780674543948864,-3.1906368189728376,0.7053819299907804,0.5116983144674794,2.029206350373146,0.27450005418186113,0.0782862448900526,0.031914756837905275,-0.5178265264405253
1.0,-0.10012007506344156,0.3581499307207464,0.5407875730574301,2.5419420031264255,-3.058083562304158,0.7451019006560509,0.3540311041700388,2.2481227656246423,0.08564406285475896,0.2804993660625032,0.11815154078974706,-0.6226588497105408
1.0,-0.1350718363975143,-0.15738057936564057,0.6954384378809482,2.607041776541989,-2.879312237036457,0.88468130133069,0.11518455295189844,2.4536292048047907,0.0027032611050672,0.43450873335620455,0.04659599560582224,-0.6141805776792195
1.0,-0.19341478241106566,-0.6462463900879837,0.862958051680973,2.6910031244896437,-2.7234820930773833,1.0220292767733634,-0.07716874516171725,2.6659932842004284,-0.15462790276458088,0.6009533958858444,0.012309255393445729,-0.6414890900042216
1.0,-0.5054504336736879,-1.051369845373377,1.0855922230905566,2.831850177341483,-2.601300078758632,1.1528517742425384,-0.3034585174125603,2.885033914544365,-0.47909518331724626,0.856286996837825,0.17552824869970898,-0.7775634985922556
1.0,-0.8742265765975806,-1.3275676185263436,1.281580788775218,2.9649106166527788,-2.5387096597080263,1.2625089147336588,-0.4842075326844266,3.026701661788302,-0.781660571009826,1.0449353489254867,0.39758522426877313,-0.9094078653697966
1.0,-0.32606095699811016,0.9462800516671248,-0.8437890019744253,0.7543111875535697,-0.4537145426154885,-0.9391245751661688,0.5051399098749264,-0.3166426279749895,0.26322641590905405,-0.30589450638928123,-0.08698012626095006,0.08966513342251078
1.0,-0.49184637950488974,0.5253736896012925,-0.7035418682802229,0.8485520503894561,-0.23508554346045657,-0.8843026394862866,0.2564407475953454,0.041142617861738714,-0.025988351389255517,0.01638446695937333,0.040006168430243357,-0.07537993754952274
1.0,-0.5944468022364532,0.27415546503064253,-0.618068096839365,0.905909498857357,-0.10599756531049485,-0.850282844793966,0.10783405733231063,0.25289237243449797,-0.2001945553662905,0.20840046590113542,0.11734021817627958,-0.174045629712392
1.0,-0.6586795169603221,-0.1870866030518937,-0.48739917113473014,0.9580325036222701,0.0779957917281431,-0.7406569266163443,-0.16134765256439898,0.4428859236570373,-0.24882915211244927,0.3583003273068863,0.07760270287775545,-0.1691614637798018
1.0,-0.03849309482426298,-1.5779612945186516,-0.17520474280249704,0.9679371239685743,0.4434512130100948,-0.505370349591995,-0.5104232197851108,0.6155339148901071,0.2788718515242755,-0.2853621595326182,-0.5825774180670068,0.2545632915385872
1.0,0.9007328876382728,-2.700470939722823,-0.5265262233360738,0.8738056349742549,0.4579407578354203,-0.2936922106513046,0.22324126884087817,0.29583117244313833,0.483091419457019,-0.33977501394361515,-0.4967883661462097,0.38336797818756757
1.0,-1.0236008188112156,-1.6371791677110668,-1.508304027585269,0.2249284615370178,0.20464807542837893,-0.6573617212962698,0.9898501037181044,1.1944444775157372,0.746786827670951,-0.10822767508615129,-0.001469935838882491,-0.44228875234350773
1.0,-3.3364978218360997,-1.6893555460124534,-0.8341356441593837,0.9950452052269755,-0.12084842850125103,0.04760246702160568,-0.4511912123170838,0.4341281840570273,0.22611764917752394,-0.44976781044423736,0.8389935854352756,0.42835593333738126
1.0,-0.28438940100964377,1.2074361212293543,-0.26543806372244383,-0.3903005013794406,-0.21592000210939785,-0.3061911396190027,0.4916252566768965,-0.5783457515169106,0.18494121343252382,-0.29179976238477157,-0.045855796642680045,0.10246934306786694
1.0,-0.3039993933072904,0.42187896822973336,-0.04876504550509899,-0.293192195104199,0.08393010846932572,-0.13286153329823214,0.11624097093800619,-0.2512065480479921,0.05621220297779977,-0.06915475278805687,-0.143980451947499,0.10378790746382223
1.0,0.41437874573004824,-0.3127282796105573,-0.4278031734095666,-0.22058348318167717,0.13313021734132502,0.40963216176996464,-0.6343088177550341,-0.5298096029479061,0.35851945913634325,0.3210854225567829,-0.26447020894213863,0.22807147246393303
1.0,2.0027694609293256,-0.8056390608668333,-1.5020506776843527,-0.18129988018792106,-0.050228529805563554,1.0985105903280994,-1.9081017570596066,-1.2512206350590482,1.0470328770961346,1.253930970266092,-0.2260409365865781,-0.044954956751223095
1.0,1.488117232385887,-0.21229731158368303,-2.2896885145872607,-0.695008637045317,-0.060348703755647964,0.7589963030064012,-0.6752254198461775,-0.5909690503433513,0.7696291364047086,1.6055040066505581,-0.518886840976547,-0.6748493780060751
1.0,0.9504577387982208,0.0656438755932686,-2.583183803234898,-1.081810468586123,-0.12664414564834478,0.49232277800609514,0.18272371868511836,-0.03817587402450943,0.47835802067684197,1.6854062013131086,-1.0885667214377217,-0.683696143562015
1.0,-1.2862441446500428,-0.018510277139264772,-1.9033980312953567,-0.992063138166198,-0.15592042745578025,0.3782498733198805,0.6010999575494973,0.2782513954395902,0.2532105155548215,1.2652247217249695,-0.9439527009567305,-0.6694404116524868
1.0,-3.661274224601911,-0.09206359691470944,-0.620659115764238,0.014220071806289536,-0.29819691361039524,0.780128035176121,-0.11697870506300242,-0.6625600486400517,-0.5886020446907249,0.6350860138007961,-0.8382200625689749,-0.28499630617358773
1.0,-0.26295222733852136,1.2446208228423943,-0.15182754332559992,-0.4869261035080108,-0.28121426461093124,-0.17118191122746884,0.4979855792739096,-0.5478794149437447,0.18405420512617324,-0.28779450031660525,-0.04041193353627938,0.08959117143668337
1.0,-0.43457292433321704,0.776027711766503,0.0023923104436957086,-0.38775396482433233,-0.0452039776696115,-0.10278151892520072,0.22233077205767246,-0.1723436660388015,-0.1077350968955579,0.04918266897961065,0.07916797186972499,-0.072540035517766
1.0,-0.13820285467913693,-0.15102908100816087,0.20743191713387796,-0.36440373257547753,0.23144492549244197,0.07819391805300144,-0.08440797941693515,0.0037257262384942816,0.1449545577457937,-0.1872967251087613,-0.2870063858893598,0.1578008230145025
1.0,1.132505525427229,-1.166542925650266,0.09779047900501096,-0.3149317496875745,0.3562411983071071,0.29566865272225684,-0.2618652550755518,-0.32659369550271206,0.378373317214347,-0.36528612802080207,-0.34137000586344585,0.1467949671372915
1.0,2.1608655061304822,0.9531762224595599,-0.9370714019520732,-0.8705184215556537,0.3809888272972119,-0.589304103186545,-0.40578462034190865,0.954801392932163,-0.7480766225066058,-0.2994187099882313,0.04885785398970593,1.004934453414269
1.0,0.9840953561451251,1.2486140138359143,-1.0749783609065686,-1.1636691288132481,0.32436232861671144,-0.8601770076565063,0.38861000104644355,1.2573602012452245,-0.554504903351425,-0.3986303635173193,-0.5220516060617142,0.22543131509745185
1.0,-1.273971198792182,1.2897438217612025,-0.989612501858804,-0.9023191890158877,-0.10722984560028138,-0.48305620519326,0.18560229674920026,0.838318882578101,-0.4589529716031764,-1.0681108527515306,-0.0235740986056637,0.6674692863717975
1.0,-4.6863204114625905,0.6485426298767951,-0.2600933066725123,0.02182001687313961,-0.5953897614669661,0.6078095291624228,-0.4638611667929234,-0.9331252131164061,-0.29869228455707497,-0.8364882550581414,0.1279281092865285,0.5341568196259238
1.0,-0.2907957533641856,1.1674607207404146,-0.3800335817618534,-0.19284528780580967,-0.2470634798002257,-0.43137198025890017,0.4975460886708705,-0.548032403309457,0.20346077605800458,-0.30083371278899,-0.056063292842619704,0.10576237204214516
1.0,-0.4693516185522373,0.7159088670650939,-0.22923553670412855,-0.09155297769306325,-0.012727810031603786,-0.37232909185460705,0.23060702135166383,-0.16451902736444812,-0.10713204241955232,0.04484748092737509,0.08045815368865489,-0.07136148060375508
1.0,-0.5394931492188805,0.34722868582248606,-0.1227450892060003,-0.04083634714201401,0.1485170232990339,-0.2969151194075845,0.01559790695639839,0.03513634019113971,-0.20173802705624735,0.21060004363819612,0.08380396634381139,-0.10740806299535535
1.0,0.02553687766090712,-1.0225161241141945,0.16042404441060218,-0.049754526399329674,0.5321011506877863,-0.05567241092610346,-0.3923492089398472,0.22049744845768057,0.36314088777408476,-0.37822316711196396,-0.5486600518853405,0.32352510249626454
1.0,1.0322165563125343,-1.5893846610773699,-0.4797969297206846,-0.23825141320103535,0.5348462597292984,0.10873451431264554,-0.4114785377214689,0.23240302774433655,0.7177974856224998,-0.18405177932832387,-0.3506748969489624,-0.015593080958052166
1.0,0.7945330905944326,-0.5157902558561716,-1.2178598777145029,-0.8971112195509543,0.47219754964730754,-0.6790300349120362,0.5936817949654924,0.8357205564527233,0.48403039442654766,0.0028300168159692426,0.34179888980287715,-0.6263792882394301
1.0,-2.492802768073066,0.042793573920235736,-0.004608707477341657,-0.35214009327486906,-0.060404928433750345,-1.1368923500456025,0.7256422381369758,-0.3328407902360738,2.4030969058381486,0.5879154391450211,0.6450290406548329,0.0699284932261554
1.0,-5.3384375122837024,1.2602665173955205,1.2058553777840981,0.9564814048522886,-0.550890020119782,-0.8159385226848462,-0.2945767837353189,-1.9256321343294482,1.737957804695648,0.8036736332177276,0.1876551519078802,1.4051446907355356
1.0,-0.20760727223537162,1.228423390322507,-0.17463804745939399,-0.07619316822583509,-0.6486137430754699,-0.1550573923102631,0.5455032692849174,-0.31581532602763646,0.253716945310575,-0.3088577282719693,-0.06010396035720485,0.05451272084434241
1.0,-0.3841051634053089,0.7843463995549771,-0.02590211066738223,0.02370330425165378,-0.41852188401070517,-0.09666547888947695,0.2829764640750219,0.06090030156932376,-0.05211911941680297,0.031017693268288495,0.07453891434330401,-0.1197067941492652
1.0,-0.39908114087934254,0.2312246475777149,0.11317381057412294,0.06186428871283755,-0.2103596727284261,0.046472062160811886,-0.03677669611942948,0.22847775032041387,-0.007364034566883654,0.1427842370392123,-0.046439498246557784,-0.04721261715923836
1.0,1.3307056974389158,-1.1451863904366895,-0.30872023701997453,0.0915426452925657,0.022097913629370726,0.610848185770646,-1.4928474222778403,-0.04122493400175908,1.1912139551906933,-0.30967974130137765,-0.4462989773369098,0.30985551559292207
1.0,1.8945336408551021,-1.0004118234346846,0.08746752117022792,0.04412563759152507,0.0784625931037401,-0.042856099151264815,-0.828375576715459,0.049600538401601786,0.5098138562756145,-0.7715837233143837,0.5586930965366301,-0.4010128178178851
1.0,2.0548041335358427,-1.4234085193063504,-0.0940844534494406,-0.36231188150779603,0.2629982286813116,-0.36568438294377237,-0.06807777023506391,0.5422865660735787,0.8021116246867264,-0.37418172923866394,-0.45024481878735106,-1.3457754657365533
1.0,-0.47386232957225755,-0.7023044219987777,0.5403376867533917,-0.3551875505285907,-6.548053432474985e-05,-0.7649084705930845,0.3692790473050904,0.770488053536729,0.8989473320300833,-0.21967538476439205,0.16638720997887307,-0.2211331867342874
1.0,-3.847144497286733,-0.4412674153765133,1.4746585320633347,0.3828840207004876,-0.4406803757605954,-0.36534725742972995,-0.23643997563309935,-0.3687556180078422,1.4477602627998982,0.2511876665918436,1.0148445351698367,0.5016423139229813
1.0,-0.2099817959295119,1.3075225483491628,0.030292773523398785,-0.5472625619462578,-0.4843478662262027,0.05762370460857194,0.5233779131270729,-0.4421687575241535,0.2038663025679063,-0.28986979036146615,-0.03824865288363747,0.0611810759559298
1.0,-0.39084507236304933,0.8637231790179127,0.1811015790270547,-0.44606047361453194,-0.256136527313828,0.11757844939320608,0.2608403465958566,-0.06789606375263067,-0.10371977258826667,0.04938006894741482,0.09820255228072253,-0.11311291163468197
1.0,-0.41062314078574225,0.3819408983443807,0.3138041802882236,-0.3934536734115755,-0.07608226639941658,0.23751171333711968,0.024196870533087285,0.13193241121572466,-0.1621613952332699,0.19449682546822689,0.027012712368689126,-0.10233753516028117
1.0,0.6791020770049246,-0.9632714315699388,0.548182577515104,-0.40399056433250496,0.22467700007987593,0.3783560337486529,0.00894561859346524,0.15457157105046515,0.10279675211035223,-0.3657173073220181,-0.32625480015993985,0.20237242386069942
1.0,1.5240224312502972,-0.07310346963534284,-0.5560072919757337,-1.265375039828417,0.13352529667966148,-0.2519214763888543,0.634359491025275,1.3069977820510443,0.08444895101391958,-0.22736980914971253,0.3728210094836524,0.08279265302289784
1.0,1.438152388823464,0.9508769400683509,-0.9687710556442863,-1.6450562008206653,0.1849718704313512,-0.8575073948947769,1.01740461112679,2.05589397163651,-0.5652466189112859,-0.7329535814942999,0.15904669090005383,0.045849250603640035
1.0,-1.094485277646271,1.077391605497528,-0.8990395579555626,-1.0143390442218672,-0.11571585828997634,-0.07431362737215969,0.24693570562107184,1.1674100779849879,-1.1338154878360849,-1.2817761996661396,-0.7553035835243895,-0.4175736652478515
1.0,-4.227002733478578,0.5779584337907903,0.24707352444580116,0.09622128124241908,-0.5582543477304155,0.7143234030148988,-0.5711104405635001,-0.8820518978609915,-0.895949378030036,-1.0265873096627873,-0.18823558434285267,-0.5650725744430535
1.0,-0.028364638439152694,1.467185281866519,0.4488753812083603,-0.3467828846286011,-1.3047964958650673,0.6269857912427114,0.637808008311393,-0.004945437981758252,0.32446905195833814,-0.3287375428333302,-0.054795873708632495,-0.030121467626573695
1.0,-0.19786865150131847,0.9576614847524959,0.6126633227885528,-0.2463475477490079,-1.0552027170795433,0.7068424214030394,0.3376025783757072,0.3737640144445218,0.04623954590998745,0.006842733394530184,0.05095415565304944,-0.18004886622514257
1.0,-0.18582164983423113,0.44912157362419886,0.7517579265577691,-0.19111411079924231,-0.8768488618770242,0.8384686012055298,0.1213467598500841,0.5780968764166637,-0.019234263453278888,0.14438709993374194,-0.04556581317398389,-0.16187324810599998
1.0,0.9981208364744324,-0.8705166492576899,0.5321596908728571,-0.11288782791165039,-0.784360951672036,1.3895983616789211,-0.25824928647498996,0.13320607486047045,0.4628458904889755,0.18908131771570724,-0.6147784402089048,0.2086282958127955
1.0,1.5373183617028612,-1.1845265047379236,0.7107405771823558,-0.07524717380641333,-0.7941392680729189,1.1324023259139988,0.7643541421518613,0.023655823126501305,-0.29884336349433355,0.39221855487154733,-0.18033196281650135,0.2599233905442522
1.0,1.6063438629308493,-0.5707777391473972,0.27878549636715233,-0.5233469237030776,-0.8217389902627399,0.7001409429605355,1.150382132870031,1.0200952824531486,-0.6434980538662376,0.4352744216674446,0.28934258373932326,0.8470780986033356
1.0,0.0660464849229591,-0.8888089029585067,0.5187687543284021,-0.3553688790120264,-0.8483686925313461,0.9557948690087698,1.110639776967646,0.997355206398201,-0.8914716080296343,0.592509280309258,0.4124288617552916,0.5616448678803005
1.0,-1.4511335182022922,-1.3742178180937967,1.0506537698494223,0.1265669940282722,-0.8066025636709174,1.4831336894468286,0.2505876357355647,0.8750014895876632,-1.216496536125266,0.9157042730745384,0.6821881908789142,-0.06172046756683761
1.0,-0.5623999449091881,0.7915325593697742,-0.06888327550082152,-1.0409458817132402,0.6808461252792766,-0.2705322892228993,0.14117082174158882,-0.6202044189625424,-0.24994531650071938,0.08875803042570145,0.1260021412722353,-0.009698973193057984
1.0,-0.6653792229943736,0.541090014704617,0.01666321947336547,-0.983553009519084,0.8092658726169023,-0.23636905067353772,-0.007004687251686791,-0.40945146470658494,-0.42391542593376214,0.28011695215581145,0.20339152665870724,-0.10808867607002969
1.0,-0.7686919402541585,0.20968311567976852,0.12465342744183991,-0.9220528990393363,0.9612330041893611,-0.17328466701891507,-0.1998424185912918,-0.18638398019480726,-0.579114417101908,0.4795592784480324,0.2515790936553093,-0.18481738321942096
1.0,-0.7584737772493466,-0.39134789048148255,0.29547670684833394,-0.8594988316165754,1.153951008129338,-0.002566434248627277,-0.46091193090814525,0.0005275200760043067,-0.611350697612598,0.596053506257523,0.11687716060645638,-0.12779203622566782
1.0,-0.7802683572691826,-0.9857960668157373,0.4585850089943774,-0.7816155878647251,1.333885165025981,0.15078532013679294,-0.6839277109388617,0.1842481777026933,-0.6901815003513028,0.6439297205694158,0.05990688632131817,-0.08738280138300576
1.0,-1.3961643120071334,-1.7749002604552944,0.8401026383680668,-0.5679501251599477,1.4657984539742033,0.5085970471053085,-1.142283804241373,0.16807999228075576,-0.9778980995748867,0.6147213521681373,0.11884690922985514,-0.0463298436696246
1.0,-3.0985054358173283,-1.8761828085254546,1.0231735647052203,-0.2721389662470342,1.1892982385178612,0.9556899162364412,-1.4065191769124727,-0.3473563955669648,-1.469875742200402,0.7318150043538492,0.6682263604750402,-0.26875910706042916
1.0,-0.24897191116895817,1.3339210897466371,0.05087180216418577,-0.8907337289942393,-0.19311867167499408,0.04988012785638693,0.49154259342229467,-0.6393785626240178,0.15488875227199747,-0.28095459801823247,-0.025539186229825123,0.09359043435194349
1.0,-0.3815752428412096,0.753258710748892,0.22907913550155812,-0.7912509570746619,0.06868666234688708,0.1578404620275785,0.17751364278941797,-0.26193607694021454,-0.09397909550833063,0.039345168575801864,0.02822078827772313,-0.02328516783066585
1.0,-0.3359221127776245,0.12923132278940072,0.3593511570690319,-0.7590381284435871,0.28731284498161985,0.3177722047166456,-0.11144661507564961,-0.07248265698815248,-0.03330402828936779,0.09702567408399142,-0.11952260976713992,0.07630283710059584
1.0,1.6270014849624033,-0.25409077537513547,-0.8645366742150267,-0.8629753414661149,0.21373158883178953,0.9039805932307542,-1.9412462315569148,-0.5927018351223919,0.9263582021767244,0.028224888371303724,0.9368502245686835,-0.2276546539953731
1.0,2.563113196563735,-0.09916403783653654,-1.2945689193847114,-1.285283505657913,0.14686168405666566,0.43283434066681964,-0.7318489475465905,-0.3607535318171477,0.4582427342325353,0.32968299048353117,1.6999773037869204,-1.2128957940045353
1.0,1.0787042415025065,0.8493592584456678,-1.637928957783711,-1.5563296336898165,0.05160051587316756,0.1989765079510324,0.31841142596294886,0.4687776126439616,-0.5387834093717438,0.4371594279663445,0.2996541161223751,-0.6117785342836277
1.0,-1.291919072327225,1.0762142588778008,-1.3543099376451309,-1.6419991983136948,0.07600899280118739,0.09528026182333094,0.5620121214282584,0.9711903550002043,-0.8392855514664569,0.1315493488856017,0.0677118326976907,-1.0469251149825407
1.0,-3.732676718874098,-0.009559658763566741,-0.6068948759895125,-1.0572267489026685,-0.14708556795809324,0.9500381472481801,0.1344673512764239,0.33998688416921824,-0.9175990014159408,0.4775746162423216,0.6414034038572206,-0.5614411377570033
1.0,-0.33502531399443314,1.2707912615323351,-0.0938683681043911,-1.0888783777648603,0.22705152588953348,-0.1640205491927772,0.42941211088361997,-0.8629162276579162,0.08335791941224006,-0.25292272556752576,-0.01121552568713174,0.13438461083206218
1.0,-0.5118430627045861,0.8324639182576755,0.05420269323038017,-0.9894848252948957,0.45316800256928125,-0.10545875971083522,0.17015719137275437,-0.49235721738683863,-0.21965238054332575,0.08231229330685856,0.12278402998819893,-0.03769401833533991
1.0,-0.5485724512307097,0.4146805140257205,0.1697031638080281,-0.9403898852606676,0.6206019855699572,-0.009654636738200429,-0.048738440548078237,-0.29684913607681224,-0.2908298577832815,0.23224708811795056,0.08416142570778255,-0.04744116658917353
1.0,-0.17515880879800366,-0.6373676673760964,0.3704852640862041,-0.9243237516375095,0.9246608232585531,0.18931097226654187,-0.3511898691409055,-0.1116824262239261,0.01872265926588659,-0.11618667134874046,-0.3214346829638536,0.23869956842494486
1.0,1.2888275655645134,-0.9235185235453991,0.9092276685788294,-0.9207267582614314,1.1060315776465128,-0.49784086881011086,0.2591544316359509,-0.3100856228530381,-0.5400802504260903,-0.5571550882603615,0.061974300848140776,-0.24135368633949614
1.0,1.0936577142235318,-0.10991767619256755,0.335932438316345,-1.2258235761829925,1.1603938450985383,-0.8161984007828273,0.05896585895619529,0.3959308342566585,-0.7682654036663233,-0.7085138308574851,-0.17596425195864868,-0.8664421071526041
1.0,-0.33309951929363174,0.2529004372889146,1.0537539842592927,-0.9005598132140576,1.2491825545916397,-1.0141882084792126,-0.1702382040780169,0.5293327619650295,-0.9966254639824383,-0.11985690185149041,-0.5313336305072908,-0.19854428813183345
1.0,-2.644805436095655,0.16547511977576948,1.9035161400226865,-0.07862768661198083,0.9433523881325708,-0.3893417622977678,-1.2358370330604032,-0.5368725597838627,-0.957058407205816,0.1961845899406664,-0.3193126090101112,-0.14020818332798646
1.0,-0.3305595837711116,1.1852113161242543,-0.3185389634007092,-0.5503308819868684,0.024566456821103404,-0.39479094070314014,0.4572650619943094,-0.7138776370058276,0.1421545278338555,-0.27639612161141464,-0.035888158080376924,0.1256428417931848
1.0,-0.28982675732607327,0.3606343716958225,-0.08950035921884616,-0.4428075058275304,0.3160596742327394,-0.21086658510338135,0.12333777790363916,-0.40129476989461654,-0.0023764906904651492,-0.09324309799919979,-0.17394691497658699,0.14307759691977992
1.0,-0.152810477599526,-0.2981732963345442,0.06013314384887143,-0.40658383182430585,0.5332762566770197,-0.0854687863649942,-0.11461582138852448,-0.21154689232759943,0.07636144815474598,-0.16064583151930362,-0.35635718694673707,0.2454557574127733
1.0,1.3156923375711929,-1.0335241173304899,-0.12286937118419122,-0.258677694136229,0.6206357177345777,0.15442839621886376,-0.7985518057893287,-0.6973346547196156,0.23032833579241316,-0.3656653501057254,0.14619707265093151,0.17520314310255888
1.0,1.5729687799866894,-0.47974011707773506,-0.6877826899688173,-0.8220763717304017,0.6617262433897835,-0.380817810168921,-0.2117210143314755,0.050256478728607654,0.17407002351895695,-0.0395929805813924,0.48069123772792455,-0.6339252315557906
1.0,0.9701043323942206,-0.17361068434783528,-0.9847675752263271,-1.1308188850718297,0.668213837779347,-0.5986099683701426,0.2536788901885017,0.774643515914933,-0.04742660269122292,-0.24063363183183564,0.261232942276745,-0.5005747109060756
1.0,-0.9199191223120566,-0.5605722829047703,-0.5231699456668951,-0.8841691904257187,0.5860845002085796,-0.3429991947570576,0.245918723312538,0.6479842983669042,-0.06599512627882761,-0.14188268368330997,0.2659403481613168,-0.35883043732312997
1.0,-3.305131193092869,-0.5645530251227463,-0.14576255905810673,-0.05085239274233701,0.28225849028213007,0.46480629387286476,-0.5050798500323344,-0.15394279582541023,-0.926905010653234,-0.34784610143133365,0.30310540007217174,-0.30630851640488677
1.0,-0.3650200790059341,1.0859494639582712,-0.6236474842623236,-0.14552387081097803,0.05475999645583887,-0.7403946698944622,0.46059302320142465,-0.7097301122729638,0.17268140087461406,-0.29754539577621897,-0.05818353823202789,0.14740673271890536
1.0,-0.54657191768535,0.6251298954910267,-0.47007809529975414,-0.042355917892813406,0.2941618960291943,-0.6803779824814197,0.18820626510224137,-0.3180167266097173,-0.14399522719335917,0.055292225504087,0.08085742748124476,-0.0333234843887434
1.0,-0.5923398118886656,0.19597712508833728,-0.35468779203372824,0.0018385587097715936,0.4696947134780282,-0.5814953597063517,-0.06052953578247404,-0.13364062932901402,-0.18352919916862961,0.19788965896768432,0.03610430027001241,-0.02771247646433551
1.0,0.5729727787391199,-1.0146312771183568,-0.6695238981657261,0.12227905639183088,0.6755018535578395,-0.04413711824064526,-0.8251089142481546,-0.4898115252168894,0.26494669632334056,0.0782765599569788,0.18168754243561633,0.46086369038090025
1.0,1.0219877525961933,-0.9138315283468647,-1.3388314483050925,-0.27527368483674536,0.6575387437025519,-0.33632044046863446,0.21318328845656037,-0.15006907988664323,0.09782519702998854,0.46690374045401234,0.5619759230614845,0.022015109882539217
1.0,0.7710930583528625,-0.010159495609853388,-2.6825690078120696,-0.9900890371029627,0.3295883639292985,-0.5653905588485083,1.0629277046370995,0.5840479657578361,0.012322949820289364,0.9768649576235757,1.1840677850075756,0.4138081728982411
1.0,-2.970592927981781,1.7431098736775248,-3.126194602282319,-0.5920009359925538,-0.12881432786123334,-0.14384511448972492,0.6870956681559683,-0.1253180862516486,-1.0663418412642058,-0.07443901817153137,-0.3233946789110282,0.04150940223857847
1.0,-6.702119889646345,2.2397428900248535,-2.549353274534694,0.567947381518744,-0.8857193718815229,0.7335955834368852,-0.07449259407166219,-1.929195423743835,-1.6973481063119042,-1.4047234040809913,-0.4074477727286549,0.28296322113221156
1.0,-0.07638760447846502,1.4296237134087957,0.3422645063051589,-0.4116073506580605,-1.0851328026569997,0.48104314097296985,0.6086184804807252,-0.1268553184179327,0.29286902728694314,-0.3202708976993719,-0.05035750528512863,-0.004646050024919594
1.0,-0.15436448080156773,0.7043613696243316,0.5476772487853374,-0.31738643399384453,-0.7900687046553442,0.6405854878591274,0.23435314338384367,0.23512337045492404,0.12861184343376236,-0.039060617477090734,-0.09192594485869857,-0.047063266089080305
1.0,0.07338309134903041,-0.047149606476694715,0.7590794850277642,-0.2997788033737811,-0.5386407437193206,0.7314643246864325,-0.041101268900047706,0.46910234220214164,0.33645953591049477,-0.23975797653003977,-0.3701552858609078,0.06733415520817491
1.0,0.8658922236776924,-1.3397721759080503,0.6284194694385301,-0.3318220263609996,-0.44488913758018767,1.2031836596297931,-0.12031553781736327,0.24431354552124934,0.8387539187983029,-0.036081247263294015,-1.369335999787828,0.28744902115556004
1.0,1.7882027916197407,-1.088495012821245,0.338845216678196,-0.57165917395631,-0.5971114045701851,0.5794290061042804,0.9557463056620747,0.2550732058901747,0.3360116991187654,-0.1783108137185565,-0.18166592708551396,-0.22591607115877774
1.0,1.91415801930025,0.4205137775866997,-0.1294945548790775,-1.1445251276071429,-0.790717579067937,-0.4380667498775022,1.6386563107834367,0.4670068752272848,1.1726956789270826,1.4286530541120352,0.037375274286243945,-0.902700476363515
1.0,-0.26319726015186884,0.5606518964187259,-0.0013556149994921175,-0.8727611195641326,-0.8821551146042877,-0.18578310851615504,1.7451316990464742,0.45615877063515187,0.6229289130260829,1.256194209773703,-0.36973462125207546,-0.936187428450273
1.0,-2.1724741798202443,-0.473294226313427,2.003809492064426,0.11977682683873249,-0.808501229105211,0.18988089548275683,0.4547059994086247,-0.0815768984112445,0.7698722180929081,1.6355611459780548,0.4007398087256917,0.08495243837945764
1.0,-0.21851342863091577,1.24155388155828,-0.10707055759734141,-0.2508885643024066,-0.5606673298097767,-0.09115279510735996,0.5275180576264283,-0.36440182364959695,0.22412670775411725,-0.29218433787970155,-0.04797290936623438,0.05491228388057576
1.0,-0.3873777140852144,0.7847153182287625,0.044090125543832376,-0.15374606085435574,-0.3313746072281612,-0.023739991804549433,0.2587692541006988,0.0005352914464920962,-0.06066652585812208,0.035876374605808704,0.06903805532629903,-0.10290917263177134
1.0,-0.3076926881466392,0.09493915374414612,0.196421475614645,-0.13467859034940607,-0.08644086709876696,0.12940393798629418,-0.0694151717178136,0.2104885162912027,0.08033727174954487,0.02690191850059098,-0.12087401356815906,0.017924268879976533
1.0,0.62092670745908,-1.0227264919280776,0.5127044077166039,-0.01195160748782512,0.13393337004918734,0.21163948884362832,0.26424741039831257,0.06942562462064784,-0.12960881808247568,-0.488107168188985,0.008891374407451424,0.32886998553401336
1.0,1.7433296438510542,-0.7762660535998038,-0.2353069003521265,-0.281411204271615,0.01023775513695088,0.16513853549435661,-0.4549964673143183,0.2579741299419886,0.23684230095847006,-0.4228121969623496,0.6368263248531355,-0.13757416583953913
1.0,1.2664856752652123,-0.12462121949470878,-0.18987195686996547,-0.7040227801523731,0.1460009233749879,-0.6340030456163189,0.40274073645492453,1.1652005221037305,0.023727984173792162,-0.35231466139755496,0.9169289722868917,0.2914423425705693
1.0,-0.7899132026206052,-0.4310690782419843,-0.2296589781761875,-0.47264984197749627,-0.07508835076904134,-0.027069722334535588,0.24115312407127062,1.0422448756430616,-0.3489256418120078,-0.9228036863518545,0.48828446996625313,0.49823965353155353
1.0,-3.541740840502462,-0.32143423519476505,0.39917463782055,0.28587816654198295,-0.421986708758221,0.5210448509539511,-0.511479940514901,-0.11822193806579737,-0.2866785470335158,-0.8017743645020761,0.5939401549959283,0.5161979415193851
1.0,-0.3949545891711863,0.8971757868673184,-0.9718738030060189,0.6148223052115296,-0.12432976642969201,-1.1226611392909573,0.45914296394776727,-0.4976097015432676,0.21086587445607752,-0.2886075828016176,-0.07748721900214688,0.12462065261396404
1.0,-0.5621353002095887,0.48073349634298645,-0.8315879834718352,0.7090259861448203,0.09076087865549168,-1.0672951366092964,0.2129511730392338,-0.14517283488708513,-0.07665045371707199,0.029962438095056432,0.04948529788175857,-0.038805438593744995
1.0,-0.6640413231845912,0.22904216154037402,-0.7463827347962222,0.7662192787249409,0.22043853957552076,-1.0335291930033577,0.06409552815555258,0.0674143205107308,-0.2508003732473159,0.2224220560409394,0.1265894364869307,-0.13762177419140123
1.0,-0.6179301493655928,-0.49092042620471876,-0.5653677825782587,0.8125454288372872,0.4594313940874659,-0.8301165842397885,-0.29007483586567245,0.24160297820545745,-0.17115377001793264,0.3096445476717294,-0.08609290965346035,-0.00863699791617424
1.0,0.5789694204850498,-2.2440614962258505,-0.9145251862051966,0.5167065343398936,0.8107903945103063,-0.6449636759418409,-0.35873724036593424,0.5295607453328929,1.2497697500264044,-0.5822444804228479,-1.2663258136346898,0.3715081761644856
1.0,0.8258561566555583,-2.3653157210136078,-1.7653873069630832,0.08115734606184513,0.7225636089497358,-0.6666065906534606,0.004916199951582858,0.9312992999146092,1.6783179201039216,-0.10214355661806666,-0.8685023950703673,-0.18223271179098086
1.0,-1.093368098827198,-2.3551585274302744,-2.0724449861150935,-0.19077446636469184,0.4968860097511314,-0.3811005148027318,0.5687450331901164,1.212644883738775,1.4956616623507342,0.19191817307730868,-1.199391425462706,-0.8173185691965199
1.0,-3.2843868634818087,-2.734905244131517,-1.0364718946365188,0.6490013303094665,0.29941969401557755,0.30120388898963646,-0.48831025869808237,0.09241427555901773,0.6605925807120901,-0.2063438027455082,-0.05764337305989441,-0.6135635258044161
1.0,-0.26133783605587363,1.1759234094001347,-0.3891038331953675,-0.02396035724545411,-0.41478608979701526,-0.4200968166897252,0.5263221966507233,-0.45926303137092084,0.24246955831706854,-0.32028617884756505,-0.06815178774625312,0.0955447625732317
1.0,-0.4457059881695603,0.7064867444142443,-0.23294248744709264,0.0809535512026074,-0.17066699029291735,-0.35917008488609964,0.24883662590241803,-0.05993317213663373,-0.0798823886384722,0.039203322550107715,0.07324280338661586,-0.08855019108083775
1.0,-0.5478698554438363,0.4580236744384724,-0.1480728674014193,0.13789259149944863,-0.0432623068757859,-0.325277183949332,0.10183341813990901,0.14915449479864418,-0.2524766390884937,0.2290498741914598,0.15001995383003228,-0.1861618276803974
1.0,-0.009971299571604059,-1.0274245954539063,0.12452122384457023,0.09863931585679611,0.39273420621912114,-0.03813755590783568,-0.4363343211391352,0.32582510101655787,0.46038347468022583,-0.38498286313951957,-0.5172439731275253,0.3294900681090796
1.0,0.5307806771922696,-1.742009969786599,-0.22929755191502632,0.009453104274617352,0.5024436032726095,0.13644277295255683,-0.557325634164053,0.41786157896675,0.8353745519978553,-0.24134115783659013,-0.7141254264178261,0.386425345016335
1.0,1.4757135205459917,-0.646412933515532,-1.6527889435229934,-0.7995033486483559,0.4115229253881534,-0.5248955460652497,0.314200616804839,1.2638059837838833,0.5940812658205729,0.5821311976123893,0.31361917616143586,-0.3290871048913503
1.0,-1.6448966425068805,0.6926858224918292,0.30328153987854184,-0.6118875610540604,0.21725014322376165,-1.9540300023741881,0.9368318934318003,1.526227662787379,2.1854748453532884,1.3751974411044305,0.34122361907072507,1.2306117489704809
1.0,-4.57892996401398,0.7523856415999514,1.2819503461263517,0.9702491325117951,-0.44652181556065285,-0.7327155668574419,-0.3131521305501789,-1.2630310343642341,1.2820367354864113,0.9882607976668714,-0.1507643014854421,0.39798350502920266
1.0,-0.14094872815137263,1.1593036156887564,-0.35357711367705147,0.7308711644849616,-1.1864687342221023,-0.29447332080750627,0.6195493730974889,0.0317563255137052,0.37370378548853644,-0.3521637064839755,-0.10047086752791026,0.01304643840206085
1.0,0.03562219989946454,0.1385093707423536,-0.14630228422995206,0.8236768882963702,-0.8508393660456617,-0.08846828439264985,0.2872829383338139,0.3259722320253913,0.3440578669025302,-0.3822544902604091,-0.3035385666559018,0.1422886372862411
1.0,1.061880150760192,-1.3488236316050783,0.22724730220657827,1.1898073048823123,-0.7114677871406714,0.28005987420272677,1.22816391601301,-0.31229362866666716,-0.39770140570319407,-0.37383215342548365,-0.04777418363810245,0.9529535202830685
1.0,4.159184919591676,-3.2345247293287414,1.4715124555831576,1.9565736987288906,-0.5457624739168162,-0.2343097377070143,2.814732617523369,-2.321079536638847,-1.4425196801594147,-0.9254719207470958,-0.17346843191167444,0.8237615945141604
1.0,5.922995193090137,-2.831051690001405,0.987714462172629,1.7888422538549626,-0.6937820855476706,-0.5487901662527546,2.095640523125984,-2.5613091208809395,-1.4531851757725607,-1.0906427886048522,1.3473333311102822,-0.6523736333816341
1.0,5.089437085475624,-3.20082733386513,1.2220555645902795,1.6617025541361221,-0.5884581303970547,-0.8023213212570788,3.6471836889307268,-2.177426024363565,-1.988358007309745,-0.7113212698037903,0.7984879423954772,-0.5900843691369126
1.0,3.6882689809615656,-2.935281692769037,1.5001827728071842,1.6453066471051994,-0.5779050953508449,-0.9122343408009106,3.843455630312405,-1.320197167879614,-2.1889183985752294,-0.1706998229895073,1.5108395077572745,0.9691645515339572
1.0,0.9676606364278698,-3.624216765364784,1.6846587970205378,2.144495821641734,-0.5506016427830509,0.29116243796585434,1.9309783533056595,-1.233056615902805,-2.303630700240684,-0.5851333972868429,1.2951089106334175,0.3528782710809522
1.0,-0.3676543177184041,1.2179373729083491,-0.14876569391659444,-1.070987678885737,0.32583731946631755,-0.24300371082361363,0.40085391099890083,-0.8811006291087622,0.05335109479510134,-0.22820739944181526,-0.0022474653684022693,0.13352680058731478
1.0,-0.5352267542771708,0.8074616717055818,-0.009141004759455734,-0.9772852417659724,0.5367734265729384,-0.18743801351175235,0.15806552364873971,-0.5350845002704726,-0.2312570787153935,0.08554139157656583,0.12408338198013115,-0.027676768891114593
1.0,-0.6356105692690027,0.5598276834165118,0.07474893284763548,-0.9209746023586808,0.6643076586477382,-0.15417118458973791,0.011615609866264207,-0.325986202887464,-0.40265015169423946,0.2748871427452501,0.19999621412236707,-0.12490164538496325
1.0,-0.7526094565144998,0.29242720233510217,0.1694980407762837,-0.8575445046114888,0.7986958936338691,-0.11517912545115574,-0.14688106962927874,-0.10443537077402247,-0.5914584539194961,0.4785532339308116,0.28560461318824404,-0.23024623393794463
1.0,-0.8038634898970307,-0.19507709044524077,0.3138942303686342,-0.7990817374444414,0.9758615060316161,0.01349594904159326,-0.40013206071890234,0.08590718648581687,-0.6520005327112602,0.6259323686800549,0.22598121686097644,-0.21844957691652267
1.0,-0.4485742752587058,-1.2999725812684169,0.38482976413554976,-0.8218409921139906,1.2082277997184465,0.2892404200584174,-0.6404006037764846,0.20650060187725255,-0.24848036276733965,0.41611402328618696,-0.277691080300346,-0.05195210999110829
1.0,-1.777500015650904,-1.7701690786119382,0.31207088779829073,-0.8932766429440903,1.2037038581008963,0.5568473656200802,-0.847213886508919,0.4386396732176046,-0.24405496650018496,0.1454682764688647,-0.042894323163986024,-0.370711340757009
1.0,-3.3200573100932833,-1.4345025633682889,0.6486026090942866,-0.5783769473003209,0.8643077222006169,0.6971723376722248,-0.9614859677287748,-0.06741661291026006,-0.8284458335776662,0.10554768710394273,0.9156676095466412,-0.6840262735068147
1.0,-0.28740054009676175,1.2995856283949234,-0.004410025717217778,-0.9758556308303676,-0.01236021710581334,-0.03571087525151116,0.460257781826687,-0.725251482761968,0.11890871981053137,-0.26219703010628326,-0.017009020528859334,0.10705893669641237
1.0,-0.3600631953395565,0.6019512261057713,0.1944660162753127,-0.883326174329628,0.2702437322531484,0.11918489263784175,0.10875422014988988,-0.3677546851751409,-0.05200595172385853,0.01725203948323703,-0.05664443474948091,0.06013104770167389
1.0,0.6140433492221014,-0.5941718518364628,0.9371025126468858,-0.7336495571996376,0.6828239243649573,-0.10960756768821898,-0.23234767825063501,-0.5341239128191893,0.40386509533025144,-0.8461266979006824,-0.7978112611469242,-0.0005193831047113931
1.0,3.8114174335959383,-0.8253628572018609,1.7716317934447823,-0.32314152870400353,0.7533956429742926,-0.9623701012492561,-0.5850936328596676,-1.8453932608908146,-0.2888061882560897,-1.1853998562031582,0.1145934629947633,-1.7703183216656635
1.0,3.7235402309241805,0.4159139216819007,1.5898202602042977,-0.6678497934001644,0.637387087510894,-1.8101493673056608,-0.07679083106021016,-1.1641994432747769,0.005100933287803198,-0.33229154555182977,1.1128168509794738,-1.1163773399777295
1.0,3.104995904229689,0.5859801620552564,1.6777123146498232,-1.0461814111999408,0.833498876326037,-2.26467504387674,0.7097802920801282,-0.25167134617608,-0.04672261665741528,0.007598336939244042,0.7872425381718423,-0.9315254603043092
1.0,0.7866980075020141,1.1611609713429207,1.737153987917948,-0.8096375329225677,0.9414918590076554,-1.928831554399178,0.3113415594611287,0.41399976487795775,-0.9828364531822446,-0.09981862713382943,-0.6703230287335444,-0.7772823660774496
1.0,-1.5086823897885573,0.580964130002674,1.7582469161428806,-0.19336557482301445,0.7492803762287824,-0.7634933092346775,-0.6995029605566803,-0.05073504820525194,-1.3448838302601605,0.07972632285087286,-0.4594130693726764,-0.703806712623331
1.0,-0.11045366373388078,1.248529707929468,-0.03146101287443785,0.3090185440180082,-1.2070520714311224,0.06664677454224377,0.6072616619970065,0.03788785170714504,0.3318680975460123,-0.3190229816554374,-0.07311195345660872,-0.014860930832726622
1.0,0.033698521159236536,0.22486078878837223,0.2364105420226609,0.41268786758449855,-0.8821885539759975,0.3187021432210702,0.20713653256360698,0.2875942535230832,0.31949091656281287,-0.24001384785460791,-0.36341921939155875,0.1274887396912231
1.0,0.5706897749621771,-0.9697227239356484,0.4854600634263549,0.4940677591737193,-0.6205965621533329,0.6227315275486313,-0.012819010222316699,0.2974633186233371,0.5348368037437693,-0.6086293460951603,-0.9455246048264001,0.5264315393266032
1.0,3.025531733286041,-2.5878997861421302,-0.5157994612128927,0.7160590762158521,-0.7711745368349214,1.7057853407595802,-0.7071364900102367,-1.0610539368092828,1.1480080298420259,-0.23135058289588364,-0.680524468828323,1.080610117449644
1.0,4.072776995935095,-2.303550859490515,-1.0863172236233398,0.5129590350456193,-0.9427956687504864,1.656762652291608,-1.3457639893176836,-1.2433095097827458,1.3371428104208198,0.5115689019084614,-0.3710991915053607,-0.3989432000209243
1.0,3.271592359639451,-2.1612051590057506,-0.8594474480333948,0.2009486336981241,-0.8653470815931529,1.0273080865748851,-0.2892083473164662,-0.4909998153461914,1.2065207410233336,0.440247259684502,-0.45516267710617125,-1.2642143352589459
1.0,0.40628929623083354,-2.060900653582317,0.10000630246436747,0.16715412528320156,-0.5108962959604701,0.6147888053093656,0.19547900675279625,0.8482355434175224,0.40631750449112297,-0.03823519645232006,-0.6043863033928487,-0.5612220687860818
1.0,-2.5719934673398126,-2.6135873788147705,0.5211282985072031,0.9011055428528548,-0.791044238882167,1.5797576240121367,-0.5546204264318777,0.04470458319556825,0.49473858953571,-0.17743956112895803,-0.18795733125232167,-0.4424170597349105
1.0,-0.30558457989656157,1.2888480731157774,-0.08985542979434576,-0.9633170751264702,0.07800793917998686,-0.13936750681465385,0.457726031917881,-0.7919387831092385,0.11986369426530429,-0.2734833588472207,-0.022508883428100993,0.12703872147737924
1.0,-0.3954552787819828,0.6159775657763226,0.10421969881973443,-0.8678600365781297,0.3609759200265652,0.001722253848333648,0.11188898862420353,-0.41826710356744423,-0.07887476657133687,0.0259157528949531,-0.03378395834716144,0.05598331714205083
1.0,-0.3219469453813538,0.0471777171792021,0.2681365283901518,-0.821093588297819,0.5580954818721109,0.11740482566224993,-0.13369462461567086,-0.2314131288050124,-0.05646249841322255,0.06255450617974091,-0.19074844281690828,0.10846379041976893
1.0,1.3512792519812202,-1.1043145205725116,0.9674659030884325,-0.4033625568287996,0.790564833492052,-0.10766286012194658,-0.18688120865523308,-1.216675115353956,-0.11050761109726766,-0.2521048004824913,-0.5135929654169841,-0.18901888024026106
1.0,2.2876924335985547,-0.4816929591745937,0.8782856099177249,-0.6480994641437416,0.8181304373704655,-0.8964720855945189,0.17955422497498075,-1.0776102903180589,-0.0934912496059009,0.1316028851716652,0.4307169967722627,-1.2285372293586572
1.0,1.5127552694525241,0.482520546562002,1.5568773526658666,-0.7770102557623633,1.0148541320338726,-1.8786918564256698,0.5639912646563421,-0.43203164093122315,0.28140694471565636,0.7787158873257173,0.011846961561345121,-0.5866417654905703
1.0,-0.1440625707784791,1.0859864423825558,2.067227818779355,-0.2689864981131341,0.9524300259892123,-1.8530559765824317,0.062292427216772674,-0.6590863402639375,-0.2746859917691831,1.0408336395431477,-0.7392474742785478,-0.21148377039814029
1.0,-2.7707563146074694,0.7598786552266448,2.4468456896958557,0.24333800961263766,0.6299240136152687,-1.0595598579944638,-0.6878653622767166,-1.3313062056271419,-0.44366949210442674,0.716922466097374,-0.3986319028493527,-0.39716259554094846
1.0,-0.1606212042155609,1.4078439707465158,0.2701049209456404,-0.8002240916933409,-0.5978607741458233,0.3436151747026717,0.543539760549927,-0.41476384925796694,0.20853452337015296,-0.29338887844134465,-0.030797352543339672,0.044339982173409696
1.0,-0.19022288002619792,0.6981059601133354,0.4754104343317244,-0.6942977191313677,-0.3234226236141135,0.48937506117629614,0.2308634043304165,-0.07593105790999798,0.008614291663384819,-0.05544234913583441,-0.08107336412426025,-0.0015966802369914025
1.0,0.018194576440369273,-0.03632245308621167,0.6509360892028969,-0.6839697727525829,-0.07060797167749806,0.5751756421160313,-0.055806521680333905,0.12715114966217977,0.23799814528617994,-0.2840853216979794,-0.32400627014006983,0.13610635455527362
1.0,1.5976849061571212,-0.673605905905574,0.6236382085323775,-0.4048572310595809,0.014043888340764522,0.6570214512205709,-0.6698220462282906,-0.597389590127589,0.2085278618738374,-0.3892769407437305,0.28314913939441844,-0.14139211845809033
1.0,2.5770830345457814,-0.21162052509220158,0.44071371671243825,-0.8672160609852957,0.039738690542688984,0.06858005507264789,-0.4467988952022241,0.1068297033508131,-0.12228434598042888,-0.46615787411273923,0.6221226322715627,-0.2429653431818213
1.0,1.6997370948841146,0.817218979304201,0.7179640435326877,-0.881372982295338,0.15455190445129421,-0.6369946213060103,-0.17180920240022193,0.4392419947735005,0.20894122049890615,-0.6424721072533306,-0.1936882132030696,0.0717110816851084
1.0,-0.8286746714046864,0.3119324186610795,1.02831093015064,-0.5458372808929535,-2.4975346986710998e-05,-0.06219822695686974,-0.2688785681797866,0.34802571005905275,-0.04394612018136984,-0.9285997980839762,-0.3826037169995177,0.3483480379483132
1.0,-3.3850129955723163,0.011520131902234011,1.1678859627064504,-0.10577295678310643,-0.415565209715903,0.8066221763600613,-0.7791463325188778,-0.39725959913577613,-0.5273577443339177,-1.0618818972299917,0.22807845058397067,0.4015371881553038
1.0,-0.409094080612519,0.9937303089727675,-0.8573843160749538,0.11134797500725666,0.1491361935999337,-1.0163782949820788,0.44578300271481397,-0.7329031512731075,0.17391058612242516,-0.298819715926307,-0.06744611540399478,0.16448728660799503
1.0,-0.5893805265579051,0.5423321037191955,-0.7057708514832961,0.21315598666119703,0.38269047396935646,-0.9567131352411014,0.1788762572852042,-0.3504063316915217,-0.13735160139051983,0.046578281064778654,0.06978702572512863,-0.012646042577769476
1.0,-0.6940399134641724,0.28894258728051175,-0.6189909599067381,0.27136448134178043,0.5124468402759971,-0.9219830144327906,0.028926241012295843,-0.13740159660509696,-0.31357402722874445,0.24014597483094438,0.14828431744394496,-0.11221670494710306
1.0,-0.720757173627851,-0.3065931765519315,-0.46422802660793855,0.31630028619635375,0.7344310767559481,-0.7636504275913144,-0.31293904465643313,0.0512817398165159,-0.2806884568756552,0.3736601107471886,0.023812824402920662,-0.041608920991757496
1.0,0.7632820795959586,-2.5078048420121144,0.020913748403262003,0.49028506486417006,1.126354190900923,-0.4442703499611113,0.11080438425193545,-0.3167262735658999,0.031984567998008,-0.7209999694207679,-0.48243030979441326,0.9891554846929026
1.0,2.220362343774965,-3.551725323432438,-0.3424683984715665,-0.22649305421364535,1.5058962339532656,-0.6591953165590149,-0.36973272355413994,0.7287839294932837,1.3880569906226186,-2.0275694991774658,-1.0040963312057347,0.14762988528882512
1.0,-0.8701644866026648,-3.0365599474533367,-1.1792536110289942,-0.29989878071722026,0.5666633383647165,-0.11845474114718202,0.38933451369115923,-0.636001330291188,1.971067577104301,-2.20428783439597,-0.47550111867505446,-0.518322199465913
1.0,-5.635140127324843,-1.0283808103342515,-0.7555779273779191,0.35214966522064306,-0.5466064945597967,-0.5787021352628637,0.43025340927936895,-2.258435382954886,3.7098712088514083,-1.87207543777483,1.5070639681793385,-0.17182086791092416
1.0,-0.2731487467776519,1.2625129615758304,-0.12655103404207146,-0.6307070163942313,-0.18452489979271658,-0.15255945818603558,0.48840568508263654,-0.6180508825167444,0.16713748226399722,-0.28542111345055887,-0.03544480292468913,0.10038171025072297
1.0,-0.3924593652833523,0.6398287915508861,0.04290172662062019,-0.5410349142550934,0.09179219240092247,-0.03611820941880774,0.1556782053975109,-0.23986247851292608,-0.03772748307086009,-0.0025894499265476973,0.007922255681619634,0.012021696140325376
1.0,-0.08219925980890098,-0.09408679843408203,0.22934154685020833,-0.5398648077900216,0.324100616370633,0.0575484553509103,-0.10903866995821074,-0.06350659931594539,0.14221414739896165,-0.3275216090698873,-0.17437358258026256,0.07026203677341092
1.0,0.8212000794033608,-0.5227803371046956,0.20995454667385563,-0.5178721848417328,0.48901358162182174,-0.0679658913165516,-0.2567492641030125,-0.20474007988630927,0.15085196035690393,-0.15932404790963917,-0.11610096480678471,-0.3468602886486887
1.0,1.3195056389074729,0.2498971955616602,-0.3744238799247015,-0.8104212011549738,0.49858942969895287,-0.47860134632534423,0.1512599945650877,0.36712265095126595,-0.5070651317231949,-0.22395945954929086,0.137824370955613,0.05063747263493872
1.0,1.1162539040346204,0.979563866755776,0.06615362251381923,-0.8109352201657984,0.5028972474074319,-1.2242760381681999,0.34621519078542057,0.5249466951974436,-0.19560665627321916,-0.008435002950778488,-0.1544769967652875,0.42674974061241966
1.0,-1.1717015508224005,0.6358505650876344,0.315529593183713,-0.5883782582801622,0.19143951713715876,-0.8587435517821008,0.3466666069481588,0.013611599314926684,0.20851600556875358,-0.25560832731755134,0.10187369800737256,0.3012294823225736
1.0,-3.804328132874616,0.43592858743956403,0.803565991541807,0.2626931046507622,-0.09642666226192383,0.08925774247033505,-0.547947346290237,-0.9763518764889035,-0.41683506688446814,-0.4590701830247446,-0.02606182061372723,0.45083144986128904
1.0,-0.13410395539041833,1.3137059055682756,0.021834496738821887,-0.08671379841374174,-0.94089129781324,0.10304899505794088,0.5911100739847812,-0.17726643652896146,0.2975246968676447,-0.32732820556791425,-0.0652645194987377,0.023927138427720453
1.0,-0.24843142399873083,0.6067014446097739,0.22143197973553227,0.002572766832794203,-0.6377128587176664,0.2550553553851812,0.18199616194857016,0.18770572200398264,0.1486607158322761,-0.027716464497065833,-0.08622430708813958,-0.022795307367612833
1.0,0.2193603716882238,-0.45578412700114856,0.20574464835510373,0.005100528422878563,-0.4057326681936287,0.5740258680841591,-0.10811645948101024,0.22564667694949875,0.49270667660863005,-0.07576998818850064,-0.5999860376575956,0.25163052888009413
1.0,3.8525176231579454,-0.2277695199682201,-2.0557868022595365,-0.1017399637766768,-0.9925228973104457,1.803605034693614,-3.133737708815751,-1.0385966119587202,1.2404278692978727,1.6713008087327852,0.4152204631119977,0.10590291309672106
1.0,3.451915095389064,1.5259448198612908,-3.2901479303872696,-1.1724593491244124,-1.1555919220026218,0.8105181187191958,-1.33665287895719,0.8898620428167392,0.4363598560925961,2.2180626011281004,1.3838165844888641,1.1069779801977708
1.0,2.061051391286468,2.9471601566784744,-4.221947965587885,-1.3201341075564392,-1.4525205688926226,0.741950888572512,-0.5390815037284588,0.8217367819850546,-0.41383014389613776,2.165628338691157,-0.4190078289197472,0.23246625088683096
1.0,-1.3953568131997804,1.842780786169804,-2.743543431980545,-0.8457805413268508,-1.571093426076559,0.7963480852208168,0.5190139339456634,0.1918401293032782,0.20365525408037966,1.6233494714411707,-0.7638127756284562,0.07671325755776656
1.0,-4.7917930975884735,1.7512653878945803,-0.23507712176176235,0.7796987018617081,-1.6011931726943056,0.943902233818052,-0.350948019624859,-1.5240333811056688,-0.5631696941202137,-0.026924485089651385,-1.2141754291079228,-0.1304634659997426
1.0,-0.32330103280004224,0.8968181793475082,-0.9889639633275717,1.0645984184379356,-0.5546055362246382,-1.0902135032282545,0.5217353931207831,-0.2422051558044073,0.29934385135181824,-0.3221718072040772,-0.10364799832835253,0.08870553318734901
1.0,-0.4951837349129239,0.4630274399110547,-0.8439284485771318,1.16202510618182,-0.32965193873411136,-1.0333579528253531,0.26533294139052077,0.12603930052774617,0.0008242129249936426,0.009879157976438856,0.02765470551865364,-0.0814496572221889
1.0,-0.5751595165618767,0.13928468156552246,-0.7458174356115217,1.2145850529526618,-0.18098255097883295,-0.9716015083071367,0.07830632582535718,0.33577606302270907,-0.1261127844316732,0.19205961239439215,0.05553408289390179,-0.14216030270484153
1.0,-0.6118259554655122,-0.37405934326586177,-0.6319966722627739,1.2540873958187666,0.018362671449357753,-0.8529253305810728,-0.19300421172111737,0.537851782844946,-0.13140314913691206,0.2877140181413438,0.008079905836361213,-0.10606423904564247
1.0,-0.19683557794079387,-1.2035440195207434,-0.5825635046884544,1.3384550609790336,0.1450060516521023,-0.6522827249655737,-0.0708347360835073,0.4718028702437992,-0.19167540201413888,0.3680377181613484,-0.13158040310107957,0.06546656951049987
1.0,-0.3045055966711375,-1.197884897558232,-0.9662592645092488,1.2477311060986065,0.14899133574746234,-0.5689830172033316,-0.3014465258820425,0.6616304669320017,-0.20584214109037655,0.6066182180513444,0.2871929502248577,-0.25760164234237126
1.0,-1.9487832431646406,-1.174006989354921,-1.0421750547846242,1.1483182966130863,0.00649680656738359,-0.5595864381367617,-0.08232000872016676,0.8842405381548835,-0.06613858209792307,0.35410099599290834,0.547028234763956,-0.6700847474291337
1.0,-3.4776417552450454,-1.445016042916273,-0.4909439947695552,1.6786480248354625,-0.23728441040545042,-0.010089166366904833,-0.6940938937984233,0.28064678431369,-0.6701853482132701,0.2655842257288503,1.0619581100706288,-0.23623252332012762
1.0,-0.2851407620401997,1.2852980393474258,-0.04225375306245097,-0.8682842691479954,-0.06292148570049198,-0.07286255019221634,0.46730359704672847,-0.6913933499394023,0.13163650728693083,-0.26758194955266007,-0.021652176550345507,0.10425341491895623
1.0,-0.3023622319211291,0.5686338990516516,0.1873379303716695,-0.7835770862027914,0.2302932817427455,0.0375501516296061,0.110486200508594,-0.3248266510053584,0.027796922975487918,-0.09415495077269383,-0.09846868873386896,0.054334010443896665
1.0,0.1752073921185063,-0.12443969638971422,0.14064343839185384,-0.7114375713349611,0.4252618619981331,0.3167725107591126,-0.5607962035991496,-0.30273026916194323,0.2784143751496142,-0.19789443895240935,-0.09964577717899853,0.22051372634293406
1.0,1.2435461124428495,-0.5067006985734559,-0.13816538714413543,-0.7323538339077839,0.49646315511293143,0.2507808232459129,-0.4930887302279138,-0.5787781362604862,0.21638666135127935,-0.01030193982441057,0.43395117246067993,-0.10275968768694728
1.0,1.9911679352854603,0.7261486411405573,-0.6053623705617388,-1.2354318584453692,0.5821630541188377,-0.535105550405507,-0.2589846110498803,0.5410607555446061,-0.5714548004190283,-0.0958000703550172,0.7084607334865888,0.1966791072944966
1.0,1.2321123706203267,2.053598945830581,-0.16744107889121382,-0.9987801393216685,0.6096470580442362,-1.1986043681108134,-0.28868835751834204,0.5906318690314907,-0.6473436831432525,-0.03115491358063862,-0.49950696553004853,0.6479789873678263
1.0,-1.1373273190954412,1.6057086329432568,0.09768650781017141,-0.8239165254181543,0.4408067607187839,-0.8111813364115534,-0.2835965141691722,0.41139960026344696,-0.4138098242028867,-0.2274650737947326,-0.6213988126849022,0.5072818688189324
1.0,-3.9749068275366186,1.4766606388864327,0.8915581563527796,0.057344953781841755,0.10628257466961526,-0.09611959833084778,-1.0443717511846997,-0.7839579020830207,-0.7115729857283722,-0.3201815220111161,-0.6510377853609974,0.4746678113198132
1.0,-0.32175849502338555,1.2870873821858768,-0.05870616235868285,-1.0900372735113002,0.17307852499030596,-0.1175532299320335,0.43828647678898863,-0.8386178714446682,0.09186301932527527,-0.25708968561269735,-0.012292116904877318,0.12919155779196628
1.0,-0.4961343977008811,0.8467167114222088,0.08847478403359364,-0.9911817613722933,0.40152403994220914,-0.059888161871236814,0.17793726948111208,-0.4647176127264229,-0.21114542387740565,0.08000980565152227,0.12095024642639042,-0.04355966147175632
1.0,-0.5979912126224064,0.6004355387560758,0.1728845657298181,-0.9345599200923927,0.5275748105383453,-0.02607992918970266,0.03221262114566826,-0.2577595018885861,-0.38247821114028574,0.2681345160743609,0.19730334749743228,-0.14033489152794013
1.0,-0.6162692609491116,-0.0015487115855273399,0.3259168621357288,-0.892926403366172,0.7507114085161566,0.1321092691290308,-0.31679788726437513,-0.08583725736226154,-0.32687751475733184,0.380815282561764,0.06346277127152918,-0.05566999673029787
1.0,0.022440162645725837,-1.464883160523921,0.5889783087041527,-0.9147151558554679,1.1480333206713467,0.36799510705223826,-0.6957204328806247,0.08880715692255982,0.3142938198712795,-0.39174254356906013,-0.5763121952000727,0.4336156390246862
1.0,1.2910543417840055,-1.9891163748288614,-0.034739835327391534,-1.6409746874305466,1.2713735010039442,-0.013490776352792017,0.3026558968367361,0.4447915354992076,0.840928085444976,-0.5773273378786179,-0.8596296006220415,-0.6655548123692656
1.0,-0.815544502078283,-2.079973851246246,0.4021898527505115,-1.3308975164830497,0.983616105832025,0.2980954194893463,0.16704440760457975,-0.06501500618301224,0.39362529209026964,-0.5931204536916684,-0.6669209702994648,-1.1114636596317466
1.0,-3.8134833602006344,-1.0402467719659743,-0.10566085735022389,-0.43042796072748574,0.34833249236660624,1.4680573632821612,-0.6701013487114968,-1.326973700819461,-0.9866440219983519,-0.9606685519369687,-0.9665896043089641,-0.3151934826289252
1.0,-0.12642438110469947,1.4314611881871708,0.36309817494036367,-0.7542702949284738,-0.7682952184294768,0.46665269993016883,0.5618274738831296,-0.31250034281105615,0.22698459076462035,-0.293789067261478,-0.030991563056090667,0.020686528970333164
1.0,-0.29807418458096074,0.9623782009689081,0.5177579160307123,-0.6551802547255392,-0.532995365081114,0.5360447186104645,0.28596898898364986,0.06113894333026294,-0.06305405928373463,0.04169343547197898,0.0873316619509891,-0.13989683893122168
1.0,-0.1590102106780489,0.215153920573644,0.6802418690528289,-0.6097843793568385,-0.30395520397376263,0.7316829039701654,0.005929799350642953,0.22186775924108046,0.018925950237007362,0.032364628903967574,-0.15218228656341368,0.015277707105953607
1.0,1.0410773765221344,-1.027852181162495,1.0292977715473608,-0.6755851411463623,0.03407972081989635,0.6642463452118077,0.029156082103038553,0.27516356636148026,0.33414060427961934,-1.1799509008531215,-0.03994841869084903,0.1509415227081669
1.0,2.2030102390481243,-0.7714431934091055,0.7441897608131024,-0.9193464092354239,-0.05731572491524131,0.21984367307669037,0.22545103495490298,0.444317296895937,0.04935878895809622,-1.166380026366061,0.8610197802357532,-0.6257848775716558
1.0,1.865906000851115,1.1662419731726645,0.1551518251554574,-1.3981056071322013,-0.06216253768138577,-0.5897683673816491,0.2719846785328344,1.8338875559066385,-0.8693897283102466,-1.5926609950775115,1.002052487742787,0.23821357611662466
1.0,-0.2825340672178533,0.05132918362137059,0.3465825177330057,-1.4714213944275423,-0.19294547625893563,-0.14771784156393522,0.6866639896281977,1.8756062273476461,-0.2391384186853334,-1.2200657187544812,1.317083339838801,-0.5440529968736848
1.0,-2.651254477520124,-0.10259526018968969,1.1091409700264157,-0.2228570513131264,-0.300037215285336,0.8609103929839274,-0.7216134967236308,0.552910242188267,-0.8166941377409322,-0.7795750606612601,0.23534470147618428,-0.5889446729048475
1.0,-0.3332723500078187,1.0775607182261722,-0.6114483834645618,0.0728854470203616,-0.16599660502507063,-0.703186980742887,0.48520324857508934,-0.566071186759524,0.2073089665371233,-0.30407676236406206,-0.06576408445515412,0.1221745515731585
1.0,-0.5157126163428132,0.6215855043178802,-0.4581401266953586,0.17582896074664986,0.06979031708507316,-0.6427973067727842,0.21559333321002905,-0.1798602293678988,-0.10724799444095932,0.04479303750428366,0.07299927663014741,-0.05676313774514709
1.0,-0.6150460168414938,0.3724342090783396,-0.37454200309105284,0.23197280692336972,0.19875910127090132,-0.6099241394208518,0.06829915301920989,0.03134336688256108,-0.2789708460961486,0.23545291957174566,0.1486722763326556,-0.15451931034495675
1.0,-0.5337538915573091,-0.5920330242064481,-0.27027509210088574,0.2032364716530871,0.543007651175991,-0.3686205803953654,-0.4501909770895263,0.21048216090489097,0.1200109714554851,0.07541742116036523,-0.08708581861962869,0.1590125135259405
1.0,1.0909928176360404,-2.830976241314429,-0.17005578206133173,0.1060210632555553,0.8684853936168544,0.08789208707958282,-0.6235835791309876,0.06801656967553539,1.34539073608472,-0.8442631884561468,-1.7139489027767265,0.7976018230983036
1.0,2.2006077551237695,-1.863698477588414,-1.5945334685192818,-0.8422900254745206,0.4726974335086749,-0.7844922866017278,1.6319542198558283,0.5325101907391295,1.0093737221926353,-0.56520946627953,-0.5872253869849432,0.8564359008326066
1.0,-2.048030413466245,-2.2906829309887886,-2.7029503098449266,-0.6781090594587575,-0.2543274011445743,0.35573423331379156,1.5752328153214947,-0.6267290000746335,2.7556217110876746,-1.3889597948212802,0.531610236929562,-0.362671472736724
1.0,-6.9442869950642665,-0.7061100261231595,-1.3609322923432385,0.4393407400752832,-1.3975781349378233,0.5308924820971843,0.8644381043923955,-3.0169332821885466,3.5624462814445472,-0.32412512157989426,1.3981883947735045,0.14734905721932715
1.0,-0.15849335024333835,1.359975157749829,0.15763892789772668,-0.5186877130781234,-0.705761878507566,0.2281065256407388,0.5560724114106005,-0.3305393488196591,0.23688427226093683,-0.3023135728132912,-0.04250700119580626,0.037444832499330935
1.0,-0.313200344493428,0.811484473491808,0.32791714306301323,-0.42220999449035407,-0.4479318809324813,0.3244040501649539,0.2346357817585801,0.037931355717796274,-0.00618827370790077,0.01890472419402703,0.031604660884696725,-0.0852518272829912
1.0,0.2719056860356714,0.02590730102739871,0.26417031895398235,-0.3312541009567307,-0.24396563032493473,0.6889258512921651,-0.5938194538919261,0.008974205737326912,0.30279331140726373,-0.06200625126198597,0.014977117463400006,0.1263932788197467
1.0,2.5094842638129258,-0.6827498253422565,0.0337911294643907,-0.2736359074655825,-0.17488872467464228,0.6747461492217031,-1.1508345365919361,-0.5261689070516314,0.4971040876960324,-0.4010781575270551,0.6671210460699754,-0.25377785052145396
1.0,2.1072696967603366,0.01195317993392019,-0.35817486557265255,-0.8884264883877846,-0.250327008609641,0.0835308149988521,-0.03731469827507993,0.5344434309267126,0.205214343617514,-0.3649112511508486,0.8783117890953345,-0.3112182515059481
1.0,1.4689512142727232,0.912466334311254,-0.2656404287690074,-1.0511401645911045,-0.043240771620996044,-0.46871175784088,0.3470809418831594,1.454109069394049,-0.5394745484635275,-0.3803202035088548,-0.25730703440299374,0.5784807616716516
1.0,-0.7074760710950878,0.5355053538595627,0.1726607179092477,-0.7178782160758753,-0.2632157925519295,-0.14526067212205046,0.20139330977755643,1.0246706956582823,-0.24147842495632196,-0.48017000873588306,-0.08906448208716768,0.35582475271883274
1.0,-3.295339682876856,-0.1570564611724057,1.0585070981331197,0.2734263903137422,-0.5374765134862698,0.8293047025300632,-0.6663829018093186,-0.27847883407479834,-0.5024874095896159,-0.25905714808511804,-0.015660542535032143,0.3058087689594001
1.0,0.0641191398115052,1.2716095584500573,0.36100117058714454,-0.11214218391341951,-1.3709587542559667,0.5723439407344634,0.6173822366989674,0.05223169114351379,0.44945399333633895,-0.43966013952747257,-0.15425382381236163,0.05373373567946963
1.0,2.184506605757312,0.3686463942733993,-0.31181691103787157,0.2623719342744579,-1.2434692855792082,1.477206551609599,-1.9384573945793124,-0.6825271693156086,0.9167367051120543,-0.23290775982981618,0.8860235494425854,0.12609013159178992
1.0,4.804134229349398,0.3364146381837006,-0.8759779605593896,0.21093944148432664,-1.3958073576796066,1.5157883570424426,-2.7345496983280513,-1.2137548576636703,0.6981702997534925,-0.021436231727553656,1.945405178484933,-0.12994180474896844
1.0,5.507549627033985,1.4001193543421848,-1.2152602065826663,-0.009252986137582332,-1.3905874776533569,0.9840312143242116,-2.466888132325551,-0.6490357201080043,-0.2771495374271483,-0.536633082298353,1.2106071538721999,0.20632952243147068
1.0,4.265197768534483,2.380888028798984,-1.212960773200099,-0.19863620488031336,-1.263578000662415,0.371950446665374,-1.2566876542158127,0.2476250532558747,-1.0527636523996438,-0.38593156486355273,-0.15348140394451004,0.689302428033531
1.0,3.1319751226052297,2.1403243303420703,-1.1017061239684052,-0.4607854715586667,-1.2359728069743838,0.20504029866943643,-0.4447927458185937,0.7697422763581322,-0.8717352815034334,-0.4188081885412778,-0.6924999333873159,0.6624800949107952
1.0,0.29020114804345043,1.6534745371063009,-0.11675607705740099,-0.27870467050675096,-1.2330929432038256,0.0931458120197475,0.14727311047522315,0.9807522481537323,-0.4460450654812829,-0.2791453551736839,-0.6302177031457402,0.6304749005120297
1.0,-2.870381959420424,0.8808641118700293,0.5020845596371446,0.4836796900793988,-1.433217651743114,1.0582779052823559,-0.3914838435241939,0.21664632745777573,-0.8652705895788878,-0.4490053797377654,-0.32136942704518956,0.29832692600369615
1.0,0.4597150257776006,3.151817602004594,-0.08344037734157685,1.9496610994821524,2.314888729418507,2.2668419218094624,1.1356863802784087,-0.06345427015562552,0.671403601131257,-0.6233196371042715,-0.1296806103771363,0.007578657138518132
1.0,1.3565893055737213,3.3940798725078185,-0.1689336184913274,2.455787734843808,2.699460553917703,2.5333226008518372,-0.008435144964145958,-0.17237071300563267,0.26980076087798405,-0.32347554209650703,0.0568970008175334,0.07919654976491257
1.0,2.265744760932426,3.254151068304482,-0.30196386558324734,2.1784334554631593,2.1928737017000834,2.0196920592166823,-0.7016228673840407,-0.43797099235987746,-0.04568844687788087,-0.11569019833530132,0.19787327841492044,0.0914150308726208
1.0,3.4279609374915196,4.297604989391474,-0.07085286727236857,3.62797871467186,4.444984295674887,3.2471374209549615,0.2209777267540068,-0.10645464767580864,0.5333392969779116,-0.04696239048190108,0.5452579043760991,-0.009908481809489516
1.0,3.0736654903676746,4.701117007825291,0.1712103727955944,4.299753977568611,5.970760322756894,3.9423945019671973,1.5176364792094805,0.7457507864056593,1.0197243112956305,0.018210628715070818,0.37125832079758747,-0.17994509271248987
1.0,2.286321516134788,4.517121049730373,0.19043008805058012,3.9910174685465485,5.894278766803142,3.650615170895636,2.0613792322819244,1.1605557219639822,1.159754435079852,0.02047752248380404,0.08973691067168223,-0.2628012783909125
1.0,0.014458377694363388,3.928617207049844,0.5923230603115239,3.7921109769732753,5.216978768778178,3.424143596716016,1.9272489978777738,1.0392833171693034,1.0853997642240114,-0.0709546419800063,-0.0618199876116875,-0.25057326437061644
1.0,-2.7973683723582172,2.4256497831380495,1.1163388878811442,2.9416120414033298,2.806182771087226,2.4967466447455973,0.5652464818023325,-0.01806007404773627,0.2093427538371685,-0.05727542046152811,-0.02194454683978446,-0.10832076720924098
1.0,-0.22721891025356045,1.0951313412733166,-0.5343840946066992,0.5809622202148274,-0.7743004246552524,-0.5463680367872592,0.5643256124907385,-0.196851180005115,0.3128304926566089,-0.3344721552178559,-0.09133193631164616,0.05950439364086215
1.0,-0.40698521763219614,0.6422289459366541,-0.38280775419533347,0.6827652008557474,-0.5395287619583832,-0.48690602580338876,0.2965659592419372,0.18747469408464207,0.001016050749746984,0.012180415482897566,0.04588409772945031,-0.11817558701411031
1.0,-0.3264726507168681,-0.06425545924707206,-0.2094247727395174,0.7269611904462803,-0.3105716166544611,-0.28652520842207363,-0.01900549972224628,0.3662186293179334,0.06877868708698665,0.0944479321383326,-0.18101797730787628,0.007903016556531143
1.0,0.5240118969028473,-1.5426763875103084,0.0641235216269334,0.8832646437842346,-0.031752634908791356,-0.00745010260929849,0.25043877650596613,0.09877800927464783,0.08463354839477132,-0.3929024959619493,-0.35092890939216526,0.6993308138882314
1.0,1.0989963195828147,-2.1963068766364153,0.13613351564431006,0.9535321330189813,0.10734759727990846,0.029443046223966065,0.4307469836755905,0.11647504928521515,-0.1583334829240254,-0.4429962574054755,-0.18949496179928665,0.7369785155847922
1.0,2.8291385702762613,-1.6735178588989317,-0.7878140645057901,0.6282169774666344,-0.0296858956641237,-0.33102346998318927,0.22861816303594804,0.41760876317080103,-0.3074622983254631,-0.47855679016184305,1.5241877658240206,0.8445206330727258
1.0,-0.47886938424897196,-2.2757485277465204,-0.06122122093775941,0.9668551131182038,-0.19505157942284648,0.18545420408797383,0.4398825030063462,0.0735822444166494,-0.32185073471917247,-0.6017659353975433,1.0191658999569615,-0.20483618001336554
1.0,-3.1242329590951647,-1.8863901644777574,0.1686787381293929,1.3482979057704996,-0.49209231653031055,0.6524198054960141,-0.5446892088351073,-0.18550127736438857,-0.2897404099703024,-0.4168964622867211,1.2120864858100369,-0.3132210023917081
1.0,-0.5573623434072531,0.7742469336417958,-0.09475888359364182,-0.912674511096341,0.600666717650449,-0.2921435432944925,0.1488153123142113,-0.5629122139013234,-0.23669404000362007,0.08644403852516176,0.1226227637395425,-0.01845278952153842
1.0,-0.65538051981432,0.5293516822736934,-0.012404345948278711,-0.8573683247087909,0.7272724315730124,-0.2596914712197916,0.004043166476996394,-0.3555093089821895,-0.405645584526862,0.27381137690243834,0.19716573886922703,-0.11454808351723554
1.0,-0.7702378629748947,0.26018730281134356,0.08156007103284188,-0.7944123099826524,0.8636826022745685,-0.22148495554499842,-0.15539396041402775,-0.13105821207605584,-0.5944372274738872,0.47909001279985935,0.2821064515907106,-0.22047099040333054
1.0,-0.9009853108802512,0.0027959840343021805,0.18153493250138827,-0.7278155703125375,0.9860068546182974,-0.1774747801369962,-0.308666902415827,0.07325911466104565,-0.7840407478699634,0.6734595105437287,0.3721755631977975,-0.32261538054319017
1.0,-1.0405098686505623,-0.43018327662427275,0.29682451276618343,-0.6685747630505496,1.156401066847159,-0.08042195566340525,-0.552280742810993,0.2812277419134033,-0.8754251149072788,0.785646410113724,0.4379216546436601,-0.34640645539947607
1.0,-1.3980727246347813,-0.9629336224623214,0.6274050563894316,-0.4765144436436234,1.2784104140633903,0.13198182908129502,-0.8248756295090806,0.49704615871998015,-1.2793448533061278,1.1268033335462673,0.5436395238288133,-0.48511110843546335
1.0,-1.9208645058015579,-1.6214331612185535,0.9233084205175592,-0.3037371079997898,1.3810566179422596,0.43129743215405303,-1.1944872059856158,0.489497540878165,-1.4901629411347759,1.0842449732440806,0.6643459823591891,-0.4336685868023229
1.0,-0.21530105614316528,1.3627521088024088,0.13188103937162152,-0.8595616773326474,-0.34232697801792383,0.1587470161847343,0.5114182881386505,-0.5577193123827523,0.1756084492401989,-0.2863718928618297,-0.028015961289589802,0.07594968528359389
1.0,-0.3555697238083356,0.8196323222322093,0.30096141889194966,-0.7601089877460664,-0.08891918587148306,0.25175768056619074,0.21471361118346105,-0.17912184274827114,-0.09051043642555182,0.038466129282955626,0.047174907643580344,-0.05754406883390597
1.0,-0.2984877586876108,0.24381940783712977,0.42717210650661686,-0.716457909792098,0.10887600211419268,0.3854502291618465,-0.030481213341133864,-0.014602416335673524,-0.06913605873698857,0.06997352784244384,-0.079917994846454,0.024234235268008296
1.0,0.5460272221991249,-1.0641541132034342,0.5828204702189321,-0.6652992276529704,0.3496883261405952,0.6273122762014784,0.07351241464491035,-0.16795966611835736,0.11344356422851685,-0.4017998651103235,-0.310644428783023,0.41639896989615716
1.0,1.2591586612053614,-0.5132614024434847,0.3112091939658408,-0.9116538336564081,0.4097504651290412,0.2915775015604007,-0.1579680365085065,0.49767864405964246,-0.3925611968361539,-0.004259522229357112,0.17761811997198124,0.609077025370866
1.0,0.7297481511491195,-0.17465528292980562,-0.05564690526104654,-1.3115991204307893,0.34079295887013766,-0.06688877452607804,0.48356501865069434,1.2173355487631612,-0.44162414974230885,-0.32962124794641934,0.7467061904966865,0.49661500444803486
1.0,-0.7755093484751749,-0.5240669468385036,0.07696284980221901,-1.230366541423838,0.29405843202394416,0.26777025322849823,0.2503241716252584,1.1869765505792433,-0.5002613326465795,-0.10069141502730954,0.6672867307952366,-0.12663524947290564
1.0,-3.113938937601277,-0.5420972199424705,0.44075984465466805,-0.39921953439990904,0.01932055088971319,1.1114061674062619,-0.8214362997422932,0.08827622423692708,-1.061268082553429,-0.4136666884640696,0.44278180622342284,-0.4146661600857068
1.0,-0.3821319546807069,0.8472381492039718,-1.164945002383801,1.042955870765502,-0.2908975285233092,-1.3173883514157867,0.49299297193758745,-0.3969267211269946,0.2726318863176759,-0.32272755422342997,-0.10458264968267499,0.12647557823938888
1.0,-0.5577090341680312,0.4018905459903804,-1.0164736095145883,1.1427056232705004,-0.059602285013123306,-1.2593360460251009,0.22978506532896162,-0.018433219722845142,-0.03345849433027287,0.018251625677673838,0.029843461668880012,-0.04817943999992323
1.0,-0.44902253096410905,-0.2870937005273182,-0.8423693117152443,1.1961345776560681,0.1526007578212017,-1.0606439565241061,-0.019248217603928457,0.18885717077597136,-0.03128666895495544,0.11974365899591462,-0.19457627054972676,0.04847369176959089
1.0,-0.058774199130735776,-1.2744298104841845,-0.6861811170793088,1.2204323651693882,0.42845240138812596,-0.903757661963308,-0.2541113593306645,0.3077318405139836,0.25079052757294584,-0.3325354778640794,-0.5379488276308875,0.34223171593319907
1.0,0.6776951599290867,-1.461897873571554,-0.6855584752454238,1.2944892295044836,0.44063479474872597,-1.0992817303571405,0.08576344831738274,0.20327100843597617,-0.23044334540173303,-0.0568607536189108,0.005166216177291478,-0.05672466055471155
1.0,0.37599690881081466,-1.1565952013642695,-0.9390908392928963,1.0064820314919376,0.45500403472195444,-1.4014854129313175,0.49191993129461203,0.8001159705276787,-0.42873486388494686,0.002522470698576074,0.34423628298186004,-0.09207169341096294
1.0,-1.1170427332366226,-0.698194309606161,-0.8442838966681457,1.3109508523739752,0.3164432067862462,-1.1536443637377851,-0.2992915938762332,0.7401007242364023,-0.6162051730938404,0.05577665823792766,0.3759524908920093,0.37150342896745114
1.0,-2.994755224238167,-0.8195595265793691,-0.29893444706424965,2.0114987111905918,0.10972023180428765,-0.6404600739564191,-0.9966416582934249,-0.02361230476782508,-0.9188829382178637,-0.039287571463720986,0.3131154219473478,0.26599245529178706
1.0,-0.2426574910348114,1.3027030211679655,0.026433707181549457,-0.7257761251570541,-0.29680614580270237,0.03060167714269513,0.4957909908897146,-0.5512433837851864,0.16602907053355315,-0.2752655688180648,-0.027459324525213196,0.0770527977636294
1.0,-0.4267257805936737,0.8618326736479153,0.17837581303850458,-0.6238984666323655,-0.07180517579112691,0.0917316515794608,0.23480975876709104,-0.18160926426839796,-0.14143550945142225,0.06133940393562397,0.10995097350444015,-0.09627253619028636
1.0,-0.5353533385832562,0.6061190540032767,0.2674072045567847,-0.5642328585378588,0.05796474659654353,0.1278584598535908,0.08338312884253406,0.03186185932824772,-0.32057631422341476,0.2564045257207486,0.19044123644501118,-0.19687454896946568
1.0,0.046825057769924315,-0.8908248946008054,0.5182850386052391,-0.52085818578517,0.41451437722544165,0.5304675942652008,-0.269601610668313,0.10489757161770877,0.08453774241966894,-0.20070461351983473,-0.48359138009619596,0.33611355702192647
1.0,1.2199610118080955,-1.9132437226853636,0.5973249119219833,-0.6122436100927349,0.6104721880400648,0.47871373750569246,-0.000325529701582807,0.19858210857931155,0.2667289147518285,-0.552702042518226,-0.6388637303925797,0.3097195743868665
1.0,1.7169815041451848,-1.9007093677309055,-0.4963818048068431,-1.3017539157983222,0.47628540177523165,0.3704429036244159,0.9428528169051579,0.5476588139301358,0.5968830167381349,-0.4059235503794469,-0.2590726737280466,0.07457907529593645
1.0,-0.5755605772721196,-2.1418898402927224,0.1970885420529537,-1.0260658095334882,0.2614918781001187,0.5778369013398251,0.5831261378182596,0.09160139736687653,0.6502801953711557,-0.894659721173624,-0.38648247329202917,-1.275287025044186
1.0,-2.69203078981392,-2.847214006115248,0.7371732024891019,-0.254533210189503,0.15809269369748422,1.504105842626157,-0.3083063084646313,-0.48146622818331186,0.10078314202866126,-0.7162469653971918,0.2932282549751303,-0.38100870774962026
1.0,-0.3403486681313042,1.14233779987508,-0.44997881291783925,-0.34487458244509256,0.0067099231488705535,-0.5400628650034299,0.4629418404333408,-0.6933875915415144,0.1612487218644963,-0.2875227846649687,-0.047146145376008516,0.13219000563386016
1.0,-0.5209229263375345,0.6908069150195583,-0.29820699865252404,-0.24296831425364593,0.24025037894831544,-0.48029921894407623,0.19593237415302653,-0.3108907767363646,-0.15020927696481032,0.05795538119160587,0.09022569883082042,-0.045009809500608206
1.0,-0.032994027948506345,0.5208458174239302,-0.6381932210450052,-0.07801545747129959,0.290363764102743,-0.07634341835406734,-1.0043465273970789,-0.47982848850852733,-0.06693035301357886,0.46285252703081825,0.6512721465243544,-0.09173634155380223
1.0,0.8040552910197427,-0.45883780400148866,-1.2380282782862577,-0.08693922766722362,0.3850499762313266,0.5919199939161474,-1.933987040183577,-0.8264141224291911,0.5662545645848622,0.8574231521916839,0.4618747424936038,0.14577464371214438
1.0,1.0085196102949519,0.17741742093008675,-2.465546967037704,-0.7906620035051927,0.3051085471934692,0.3041554990289071,-1.2461906022181306,0.04258600279487663,0.7788693686774715,1.4991650081603924,0.7405848452329966,-0.152295889189877
1.0,0.2728071425589825,1.2449194291867773,-3.745842357211584,-1.4434050670440344,0.014151427170093064,0.12857590948171288,-0.4784989262974647,0.665782337865771,0.5282478239501105,1.6246231072887705,0.6524105249611776,-0.3579615366961192
1.0,-2.8115006143282466,2.003529464966625,-3.44798599994211,-0.9007909684854586,-0.32125269182376254,0.2830803917671257,-0.006236117031633789,-0.013684925106103744,-0.4743879664938117,0.26631341841676776,-0.4303205507331358,-0.3964753674823158
1.0,-5.983225613723024,1.8750678070894664,-2.2922097934394805,0.19660965827954727,-0.6767830212833958,1.0176255200443431,-0.4961284593458844,-1.3634249107025234,-1.47382427832292,-0.8398945469043911,-0.7160880719146072,-0.269363750161763
1.0,-0.4714828670716696,0.6075062349786126,-0.47675129003627525,0.49844613673781596,-0.21715069351240188,-0.6310097688279076,0.25220274835162504,0.003858465085538983,-0.052815289918054634,0.02930208861880248,0.05731556208481933,-0.08466283948570333
1.0,-0.5721912639757553,0.3658243037047788,-0.3935531059985389,0.5542410872740444,-0.09374665443125403,-0.5975634583354905,0.10917054454931746,0.20657982528204796,-0.22127530165726841,0.2138440391886704,0.1325615262230089,-0.17966153262943102
1.0,-0.6984332625773539,0.09143025773971086,-0.2933336038361583,0.6212145187066525,0.041771151877871844,-0.5553469407042543,-0.05373745643798531,0.4308810278406794,-0.41770742643040104,0.42226663973894585,0.2230218834171999,-0.288022404938372
1.0,-0.6255365550796212,-0.7708213551149009,-0.15134290984222482,0.6324439307658629,0.3296751066267521,-0.3256726250299465,-0.4675696236311062,0.6147053641707312,-0.18832728618610758,0.3613779385310354,0.0044589331193301005,-0.06335638417307084
1.0,0.17208064060822625,-2.4592316966120564,0.1747166358910184,0.7091580097745256,0.6768929697917642,0.04911405049794794,-0.7367993710749752,0.5745560325327601,0.298706257295722,-0.484874195705152,-0.7928104740498355,0.5647596283574386
1.0,-0.6743573351598163,-3.313796693233925,-0.5048447147118553,0.3002828235359198,0.7343103657077363,0.38230129987295225,-0.35558209330049173,1.1751861365791545,0.9890768029850872,-0.14602799223421742,-1.1257676543723352,0.2624185925931661
1.0,-2.6106118071284317,-2.9550083409457497,-0.1266126833253441,0.6266090262900258,0.3000346441083955,0.822570140266093,-0.8295556087023707,0.5300775152207505,0.012478602389896561,0.382741987204346,-0.6239900969637882,-0.37766025915650137
